INSERT INTO `t_sys_schoolorg` (`id`,`cust_id`,`orgmodel_id`,`isshow`,`user_id`,`company_code`,`full_name`,`short_name`,`contactor_sn`,`business_code`,`remark`,`photokey`,`type`,`order_num`,`parent_id`,`leader`,`region_code`,`create_time`,`creator_person`,`update_time`,`updater`,`isValid`,`max_assign_members`) VALUES (10001,NULL,8,NULL,NULL,NULL,'教务处','教务处',NULL,NULL,NULL,NULL,NULL,NULL,NULL,NULL,NULL,NULL,NULL,NULL,NULL,NULL,NULL);

INSERT INTO `t_sys_bas_location` (`node_id`,`id`,`address`,`create_time`,`create_user`,`is_active`,`lat`,`lng`,`post_code`,`region_code`,`time_zone_code`,`business_code`) VALUES (0,50001,'广东省广州市天河区冼村街道高志大厦',20160226144157,NULL,1,231257,1133401,NULL,'340105',NULL,NULL);


INSERT INTO `t_meeting_info` (`id`,`begin_time`,`publish_time`,`title`,`sign_amount`,`signout_amount`,`enterprise_id`,`orgl_id`,`publish_username`,`take_time`,`content`,`location_id`,`sign_scope`,`del`,`status`,`publish_status`)VALUES(16010000000002,20161219214611,20161219103611,'元旦放假测试0',10,5,6566,10001,'张老师',150,'Lorem ipsum dolor sit amet, consectetur adipiscing elit. Aenean euismod bibendum laoreet. Proin gravida dolor sit amet lacus accumsan et viverra justo commodo. Proin sodales pulvinar tempor. Cum sociis natoque penatibus et magnis dis parturient montes, nascetur ridiculus mus. Nam fermentum, nulla luctus pharetra vulputate, felis tellus mollis orci, sed rhoncus sapien nunc eget odio.',50001,500,0,0,2);
INSERT INTO `t_meeting_personal_info` (`cust_id`,`meeting_id`,`sign`,`sign_time`,`sign_address`,`sign_out`,`signout_time`,`signout_address`) VALUES (4010000005408,16010000000002,0,20161219190111,'签到地址-0',0,20161219170611,'签退地址-0');
INSERT INTO `t_sys_file_info` (`add_time`,`node_id`,`obj_id`,`photokey`,`type`,`file_url`,`file_pxf`,`width`,`height`)VALUES (20161216145600,1,16010000000002,'https://img11.360buyimg.com/n2/jfs/t3136/159/4260913001/36394/dfecbc6d/583e9638N552af568.jpg',2,'https://img11.360buyimg.com/n2/jfs/t3136/159/4260913001/36394/dfecbc6d/583e9638N552af568.jpg','.jpg',160,160);
INSERT INTO `t_meeting_info` (`id`,`begin_time`,`publish_time`,`title`,`sign_amount`,`signout_amount`,`enterprise_id`,`orgl_id`,`publish_username`,`take_time`,`content`,`location_id`,`sign_scope`,`del`,`status`,`publish_status`)VALUES(16010000000003,20161219212611,20161219093611,'元旦放假测试1',10,5,6566,10001,'张老师',150,'Lorem ipsum dolor sit amet, consectetur adipiscing elit. Aenean euismod bibendum laoreet. Proin gravida dolor sit amet lacus accumsan et viverra justo commodo. Proin sodales pulvinar tempor. Cum sociis natoque penatibus et magnis dis parturient montes, nascetur ridiculus mus. Nam fermentum, nulla luctus pharetra vulputate, felis tellus mollis orci, sed rhoncus sapien nunc eget odio.',50001,500,0,0,2);
INSERT INTO `t_meeting_personal_info` (`cust_id`,`meeting_id`,`sign`,`sign_time`,`sign_address`,`sign_out`,`signout_time`,`signout_address`) VALUES (4010000005408,16010000000003,0,20161219184111,'签到地址-1',0,20161219164611,'签退地址-1');
INSERT INTO `t_sys_file_info` (`add_time`,`node_id`,`obj_id`,`photokey`,`type`,`file_url`,`file_pxf`,`width`,`height`)VALUES (20161216145600,1,16010000000003,'https://img11.360buyimg.com/n2/jfs/t3136/159/4260913001/36394/dfecbc6d/583e9638N552af568.jpg',2,'https://img11.360buyimg.com/n2/jfs/t3136/159/4260913001/36394/dfecbc6d/583e9638N552af568.jpg','.jpg',160,160);
INSERT INTO `t_sys_file_info` (`add_time`,`node_id`,`obj_id`,`photokey`,`type`,`file_url`,`file_pxf`,`width`,`height`)VALUES (20161216145600,1,16010000000003,'https://m.360buyimg.com/mobilecms/jfs/t3709/22/2193681127/30145/39df1847/5849375eNf0ef1194.png',2,'https://m.360buyimg.com/mobilecms/jfs/t3709/22/2193681127/30145/39df1847/5849375eNf0ef1194.png','.png',160,160);
INSERT INTO `t_sys_file_info` (`add_time`,`node_id`,`obj_id`,`photokey`,`type`,`file_url`,`file_pxf`,`width`,`height`)VALUES (20161216145600,1,16010000000003,'https://img13.360buyimg.com/n2/jfs/t3802/139/1578218185/30208/d7158126/582c3293N0c49c7d2.jpg',2,'https://img13.360buyimg.com/n2/jfs/t3802/139/1578218185/30208/d7158126/582c3293N0c49c7d2.jpg','.jpg',160,160);
INSERT INTO `t_meeting_info` (`id`,`begin_time`,`publish_time`,`title`,`sign_amount`,`signout_amount`,`enterprise_id`,`orgl_id`,`publish_username`,`take_time`,`content`,`location_id`,`sign_scope`,`del`,`status`,`publish_status`)VALUES(16010000000004,20161219210611,20161219083611,'元旦放假测试2',10,5,6566,10001,'张老师',150,'Lorem ipsum dolor sit amet, consectetur adipiscing elit. Aenean euismod bibendum laoreet. Proin gravida dolor sit amet lacus accumsan et viverra justo commodo. Proin sodales pulvinar tempor. Cum sociis natoque penatibus et magnis dis parturient montes, nascetur ridiculus mus. Nam fermentum, nulla luctus pharetra vulputate, felis tellus mollis orci, sed rhoncus sapien nunc eget odio.',50001,500,0,0,2);
INSERT INTO `t_meeting_personal_info` (`cust_id`,`meeting_id`,`sign`,`sign_time`,`sign_address`,`sign_out`,`signout_time`,`signout_address`) VALUES (4010000005408,16010000000004,0,20161219182111,'签到地址-2',0,20161219162611,'签退地址-2');
INSERT INTO `t_sys_file_info` (`add_time`,`node_id`,`obj_id`,`photokey`,`type`,`file_url`,`file_pxf`,`width`,`height`)VALUES (20161216145600,1,16010000000004,'https://img11.360buyimg.com/n2/jfs/t3136/159/4260913001/36394/dfecbc6d/583e9638N552af568.jpg',2,'https://img11.360buyimg.com/n2/jfs/t3136/159/4260913001/36394/dfecbc6d/583e9638N552af568.jpg','.jpg',160,160);
INSERT INTO `t_sys_file_info` (`add_time`,`node_id`,`obj_id`,`photokey`,`type`,`file_url`,`file_pxf`,`width`,`height`)VALUES (20161216145600,1,16010000000004,'https://m.360buyimg.com/mobilecms/jfs/t3709/22/2193681127/30145/39df1847/5849375eNf0ef1194.png',2,'https://m.360buyimg.com/mobilecms/jfs/t3709/22/2193681127/30145/39df1847/5849375eNf0ef1194.png','.png',160,160);
INSERT INTO `t_meeting_info` (`id`,`begin_time`,`publish_time`,`title`,`sign_amount`,`signout_amount`,`enterprise_id`,`orgl_id`,`publish_username`,`take_time`,`content`,`location_id`,`sign_scope`,`del`,`status`,`publish_status`)VALUES(16010000000005,20161219204611,20161219073611,'元旦放假测试3',10,5,6566,10001,'张老师',150,'Lorem ipsum dolor sit amet, consectetur adipiscing elit. Aenean euismod bibendum laoreet. Proin gravida dolor sit amet lacus accumsan et viverra justo commodo. Proin sodales pulvinar tempor. Cum sociis natoque penatibus et magnis dis parturient montes, nascetur ridiculus mus. Nam fermentum, nulla luctus pharetra vulputate, felis tellus mollis orci, sed rhoncus sapien nunc eget odio.',50001,500,0,0,2);
INSERT INTO `t_meeting_personal_info` (`cust_id`,`meeting_id`,`sign`,`sign_time`,`sign_address`,`sign_out`,`signout_time`,`signout_address`) VALUES (4010000005408,16010000000005,0,20161219180111,'签到地址-3',0,20161219160611,'签退地址-3');
INSERT INTO `t_sys_file_info` (`add_time`,`node_id`,`obj_id`,`photokey`,`type`,`file_url`,`file_pxf`,`width`,`height`)VALUES (20161216145600,1,16010000000005,'https://img11.360buyimg.com/n2/jfs/t3136/159/4260913001/36394/dfecbc6d/583e9638N552af568.jpg',2,'https://img11.360buyimg.com/n2/jfs/t3136/159/4260913001/36394/dfecbc6d/583e9638N552af568.jpg','.jpg',160,160);
INSERT INTO `t_sys_file_info` (`add_time`,`node_id`,`obj_id`,`photokey`,`type`,`file_url`,`file_pxf`,`width`,`height`)VALUES (20161216145600,1,16010000000005,'https://m.360buyimg.com/mobilecms/jfs/t3709/22/2193681127/30145/39df1847/5849375eNf0ef1194.png',2,'https://m.360buyimg.com/mobilecms/jfs/t3709/22/2193681127/30145/39df1847/5849375eNf0ef1194.png','.png',160,160);
INSERT INTO `t_sys_file_info` (`add_time`,`node_id`,`obj_id`,`photokey`,`type`,`file_url`,`file_pxf`,`width`,`height`)VALUES (20161216145600,1,16010000000005,'https://img13.360buyimg.com/n2/jfs/t3802/139/1578218185/30208/d7158126/582c3293N0c49c7d2.jpg',2,'https://img13.360buyimg.com/n2/jfs/t3802/139/1578218185/30208/d7158126/582c3293N0c49c7d2.jpg','.jpg',160,160);
INSERT INTO `t_meeting_info` (`id`,`begin_time`,`publish_time`,`title`,`sign_amount`,`signout_amount`,`enterprise_id`,`orgl_id`,`publish_username`,`take_time`,`content`,`location_id`,`sign_scope`,`del`,`status`,`publish_status`)VALUES(16010000000006,20161219202611,20161219063611,'元旦放假测试4',10,5,6566,10001,'张老师',150,'Lorem ipsum dolor sit amet, consectetur adipiscing elit. Aenean euismod bibendum laoreet. Proin gravida dolor sit amet lacus accumsan et viverra justo commodo. Proin sodales pulvinar tempor. Cum sociis natoque penatibus et magnis dis parturient montes, nascetur ridiculus mus. Nam fermentum, nulla luctus pharetra vulputate, felis tellus mollis orci, sed rhoncus sapien nunc eget odio.',50001,500,0,0,2);
INSERT INTO `t_meeting_personal_info` (`cust_id`,`meeting_id`,`sign`,`sign_time`,`sign_address`,`sign_out`,`signout_time`,`signout_address`) VALUES (4010000005408,16010000000006,0,20161219174111,'签到地址-4',0,20161219154611,'签退地址-4');
INSERT INTO `t_meeting_info` (`id`,`begin_time`,`publish_time`,`title`,`sign_amount`,`signout_amount`,`enterprise_id`,`orgl_id`,`publish_username`,`take_time`,`content`,`location_id`,`sign_scope`,`del`,`status`,`publish_status`)VALUES(16010000000007,20161219200611,20161219053611,'元旦放假测试5',10,5,6566,10001,'张老师',150,'Lorem ipsum dolor sit amet, consectetur adipiscing elit. Aenean euismod bibendum laoreet. Proin gravida dolor sit amet lacus accumsan et viverra justo commodo. Proin sodales pulvinar tempor. Cum sociis natoque penatibus et magnis dis parturient montes, nascetur ridiculus mus. Nam fermentum, nulla luctus pharetra vulputate, felis tellus mollis orci, sed rhoncus sapien nunc eget odio.',50001,500,0,0,2);
INSERT INTO `t_meeting_personal_info` (`cust_id`,`meeting_id`,`sign`,`sign_time`,`sign_address`,`sign_out`,`signout_time`,`signout_address`) VALUES (4010000005408,16010000000007,0,20161219172111,'签到地址-5',0,20161219152611,'签退地址-5');
INSERT INTO `t_meeting_info` (`id`,`begin_time`,`publish_time`,`title`,`sign_amount`,`signout_amount`,`enterprise_id`,`orgl_id`,`publish_username`,`take_time`,`content`,`location_id`,`sign_scope`,`del`,`status`,`publish_status`)VALUES(16010000000008,20161219194611,20161219043611,'元旦放假测试6',10,5,6566,10001,'张老师',150,'Lorem ipsum dolor sit amet, consectetur adipiscing elit. Aenean euismod bibendum laoreet. Proin gravida dolor sit amet lacus accumsan et viverra justo commodo. Proin sodales pulvinar tempor. Cum sociis natoque penatibus et magnis dis parturient montes, nascetur ridiculus mus. Nam fermentum, nulla luctus pharetra vulputate, felis tellus mollis orci, sed rhoncus sapien nunc eget odio.',50001,500,0,0,2);
INSERT INTO `t_meeting_personal_info` (`cust_id`,`meeting_id`,`sign`,`sign_time`,`sign_address`,`sign_out`,`signout_time`,`signout_address`) VALUES (4010000005408,16010000000008,0,20161219170111,'签到地址-6',0,20161219150611,'签退地址-6');
INSERT INTO `t_sys_file_info` (`add_time`,`node_id`,`obj_id`,`photokey`,`type`,`file_url`,`file_pxf`,`width`,`height`)VALUES (20161216145600,1,16010000000008,'https://img11.360buyimg.com/n2/jfs/t3136/159/4260913001/36394/dfecbc6d/583e9638N552af568.jpg',2,'https://img11.360buyimg.com/n2/jfs/t3136/159/4260913001/36394/dfecbc6d/583e9638N552af568.jpg','.jpg',160,160);
INSERT INTO `t_sys_file_info` (`add_time`,`node_id`,`obj_id`,`photokey`,`type`,`file_url`,`file_pxf`,`width`,`height`)VALUES (20161216145600,1,16010000000008,'https://m.360buyimg.com/mobilecms/jfs/t3709/22/2193681127/30145/39df1847/5849375eNf0ef1194.png',2,'https://m.360buyimg.com/mobilecms/jfs/t3709/22/2193681127/30145/39df1847/5849375eNf0ef1194.png','.png',160,160);
INSERT INTO `t_meeting_info` (`id`,`begin_time`,`publish_time`,`title`,`sign_amount`,`signout_amount`,`enterprise_id`,`orgl_id`,`publish_username`,`take_time`,`content`,`location_id`,`sign_scope`,`del`,`status`,`publish_status`)VALUES(16010000000009,20161219192611,20161219033611,'元旦放假测试7',10,5,6566,10001,'张老师',150,'Lorem ipsum dolor sit amet, consectetur adipiscing elit. Aenean euismod bibendum laoreet. Proin gravida dolor sit amet lacus accumsan et viverra justo commodo. Proin sodales pulvinar tempor. Cum sociis natoque penatibus et magnis dis parturient montes, nascetur ridiculus mus. Nam fermentum, nulla luctus pharetra vulputate, felis tellus mollis orci, sed rhoncus sapien nunc eget odio.',50001,500,0,0,2);
INSERT INTO `t_meeting_personal_info` (`cust_id`,`meeting_id`,`sign`,`sign_time`,`sign_address`,`sign_out`,`signout_time`,`signout_address`) VALUES (4010000005408,16010000000009,0,20161219164111,'签到地址-7',0,20161219144611,'签退地址-7');
INSERT INTO `t_sys_file_info` (`add_time`,`node_id`,`obj_id`,`photokey`,`type`,`file_url`,`file_pxf`,`width`,`height`)VALUES (20161216145600,1,16010000000009,'https://img11.360buyimg.com/n2/jfs/t3136/159/4260913001/36394/dfecbc6d/583e9638N552af568.jpg',2,'https://img11.360buyimg.com/n2/jfs/t3136/159/4260913001/36394/dfecbc6d/583e9638N552af568.jpg','.jpg',160,160);
INSERT INTO `t_sys_file_info` (`add_time`,`node_id`,`obj_id`,`photokey`,`type`,`file_url`,`file_pxf`,`width`,`height`)VALUES (20161216145600,1,16010000000009,'https://m.360buyimg.com/mobilecms/jfs/t3709/22/2193681127/30145/39df1847/5849375eNf0ef1194.png',2,'https://m.360buyimg.com/mobilecms/jfs/t3709/22/2193681127/30145/39df1847/5849375eNf0ef1194.png','.png',160,160);
INSERT INTO `t_sys_file_info` (`add_time`,`node_id`,`obj_id`,`photokey`,`type`,`file_url`,`file_pxf`,`width`,`height`)VALUES (20161216145600,1,16010000000009,'https://img13.360buyimg.com/n2/jfs/t3802/139/1578218185/30208/d7158126/582c3293N0c49c7d2.jpg',2,'https://img13.360buyimg.com/n2/jfs/t3802/139/1578218185/30208/d7158126/582c3293N0c49c7d2.jpg','.jpg',160,160);
INSERT INTO `t_meeting_info` (`id`,`begin_time`,`publish_time`,`title`,`sign_amount`,`signout_amount`,`enterprise_id`,`orgl_id`,`publish_username`,`take_time`,`content`,`location_id`,`sign_scope`,`del`,`status`,`publish_status`)VALUES(16010000000010,20161219190611,20161219023611,'元旦放假测试8',10,5,6566,10001,'张老师',150,'Lorem ipsum dolor sit amet, consectetur adipiscing elit. Aenean euismod bibendum laoreet. Proin gravida dolor sit amet lacus accumsan et viverra justo commodo. Proin sodales pulvinar tempor. Cum sociis natoque penatibus et magnis dis parturient montes, nascetur ridiculus mus. Nam fermentum, nulla luctus pharetra vulputate, felis tellus mollis orci, sed rhoncus sapien nunc eget odio.',50001,500,0,0,2);
INSERT INTO `t_meeting_personal_info` (`cust_id`,`meeting_id`,`sign`,`sign_time`,`sign_address`,`sign_out`,`signout_time`,`signout_address`) VALUES (4010000005408,16010000000010,0,20161219162111,'签到地址-8',0,20161219142611,'签退地址-8');
INSERT INTO `t_meeting_info` (`id`,`begin_time`,`publish_time`,`title`,`sign_amount`,`signout_amount`,`enterprise_id`,`orgl_id`,`publish_username`,`take_time`,`content`,`location_id`,`sign_scope`,`del`,`status`,`publish_status`)VALUES(16010000000011,20161219184611,20161219013611,'元旦放假测试9',10,5,6566,10001,'张老师',150,'Lorem ipsum dolor sit amet, consectetur adipiscing elit. Aenean euismod bibendum laoreet. Proin gravida dolor sit amet lacus accumsan et viverra justo commodo. Proin sodales pulvinar tempor. Cum sociis natoque penatibus et magnis dis parturient montes, nascetur ridiculus mus. Nam fermentum, nulla luctus pharetra vulputate, felis tellus mollis orci, sed rhoncus sapien nunc eget odio.',50001,500,0,0,2);
INSERT INTO `t_meeting_personal_info` (`cust_id`,`meeting_id`,`sign`,`sign_time`,`sign_address`,`sign_out`,`signout_time`,`signout_address`) VALUES (4010000005408,16010000000011,0,20161219160111,'签到地址-9',0,20161219140611,'签退地址-9');
INSERT INTO `t_sys_file_info` (`add_time`,`node_id`,`obj_id`,`photokey`,`type`,`file_url`,`file_pxf`,`width`,`height`)VALUES (20161216145600,1,16010000000011,'https://img11.360buyimg.com/n2/jfs/t3136/159/4260913001/36394/dfecbc6d/583e9638N552af568.jpg',2,'https://img11.360buyimg.com/n2/jfs/t3136/159/4260913001/36394/dfecbc6d/583e9638N552af568.jpg','.jpg',160,160);
INSERT INTO `t_meeting_info` (`id`,`begin_time`,`publish_time`,`title`,`sign_amount`,`signout_amount`,`enterprise_id`,`orgl_id`,`publish_username`,`take_time`,`content`,`location_id`,`sign_scope`,`del`,`status`,`publish_status`)VALUES(16010000000012,20161219182611,20161219003611,'元旦放假测试10',10,5,6566,10001,'张老师',150,'Lorem ipsum dolor sit amet, consectetur adipiscing elit. Aenean euismod bibendum laoreet. Proin gravida dolor sit amet lacus accumsan et viverra justo commodo. Proin sodales pulvinar tempor. Cum sociis natoque penatibus et magnis dis parturient montes, nascetur ridiculus mus. Nam fermentum, nulla luctus pharetra vulputate, felis tellus mollis orci, sed rhoncus sapien nunc eget odio.',50001,500,0,0,2);
INSERT INTO `t_meeting_personal_info` (`cust_id`,`meeting_id`,`sign`,`sign_time`,`sign_address`,`sign_out`,`signout_time`,`signout_address`) VALUES (4010000005408,16010000000012,0,20161219154111,'签到地址-10',0,20161219134611,'签退地址-10');
INSERT INTO `t_sys_file_info` (`add_time`,`node_id`,`obj_id`,`photokey`,`type`,`file_url`,`file_pxf`,`width`,`height`)VALUES (20161216145600,1,16010000000012,'https://img11.360buyimg.com/n2/jfs/t3136/159/4260913001/36394/dfecbc6d/583e9638N552af568.jpg',2,'https://img11.360buyimg.com/n2/jfs/t3136/159/4260913001/36394/dfecbc6d/583e9638N552af568.jpg','.jpg',160,160);
INSERT INTO `t_sys_file_info` (`add_time`,`node_id`,`obj_id`,`photokey`,`type`,`file_url`,`file_pxf`,`width`,`height`)VALUES (20161216145600,1,16010000000012,'https://m.360buyimg.com/mobilecms/jfs/t3709/22/2193681127/30145/39df1847/5849375eNf0ef1194.png',2,'https://m.360buyimg.com/mobilecms/jfs/t3709/22/2193681127/30145/39df1847/5849375eNf0ef1194.png','.png',160,160);
INSERT INTO `t_meeting_info` (`id`,`begin_time`,`publish_time`,`title`,`sign_amount`,`signout_amount`,`enterprise_id`,`orgl_id`,`publish_username`,`take_time`,`content`,`location_id`,`sign_scope`,`del`,`status`,`publish_status`)VALUES(16010000000013,20161219180611,20161218233611,'元旦放假测试11',10,5,6566,10001,'张老师',150,'Lorem ipsum dolor sit amet, consectetur adipiscing elit. Aenean euismod bibendum laoreet. Proin gravida dolor sit amet lacus accumsan et viverra justo commodo. Proin sodales pulvinar tempor. Cum sociis natoque penatibus et magnis dis parturient montes, nascetur ridiculus mus. Nam fermentum, nulla luctus pharetra vulputate, felis tellus mollis orci, sed rhoncus sapien nunc eget odio.',50001,500,0,0,2);
INSERT INTO `t_meeting_personal_info` (`cust_id`,`meeting_id`,`sign`,`sign_time`,`sign_address`,`sign_out`,`signout_time`,`signout_address`) VALUES (4010000005408,16010000000013,0,20161219152111,'签到地址-11',0,20161219132611,'签退地址-11');
INSERT INTO `t_meeting_info` (`id`,`begin_time`,`publish_time`,`title`,`sign_amount`,`signout_amount`,`enterprise_id`,`orgl_id`,`publish_username`,`take_time`,`content`,`location_id`,`sign_scope`,`del`,`status`,`publish_status`)VALUES(16010000000014,20161219174611,20161218223611,'元旦放假测试12',10,5,6566,10001,'张老师',150,'Lorem ipsum dolor sit amet, consectetur adipiscing elit. Aenean euismod bibendum laoreet. Proin gravida dolor sit amet lacus accumsan et viverra justo commodo. Proin sodales pulvinar tempor. Cum sociis natoque penatibus et magnis dis parturient montes, nascetur ridiculus mus. Nam fermentum, nulla luctus pharetra vulputate, felis tellus mollis orci, sed rhoncus sapien nunc eget odio.',50001,500,0,0,2);
INSERT INTO `t_meeting_personal_info` (`cust_id`,`meeting_id`,`sign`,`sign_time`,`sign_address`,`sign_out`,`signout_time`,`signout_address`) VALUES (4010000005408,16010000000014,0,20161219150111,'签到地址-12',0,20161219130611,'签退地址-12');
INSERT INTO `t_sys_file_info` (`add_time`,`node_id`,`obj_id`,`photokey`,`type`,`file_url`,`file_pxf`,`width`,`height`)VALUES (20161216145600,1,16010000000014,'https://img11.360buyimg.com/n2/jfs/t3136/159/4260913001/36394/dfecbc6d/583e9638N552af568.jpg',2,'https://img11.360buyimg.com/n2/jfs/t3136/159/4260913001/36394/dfecbc6d/583e9638N552af568.jpg','.jpg',160,160);
INSERT INTO `t_meeting_info` (`id`,`begin_time`,`publish_time`,`title`,`sign_amount`,`signout_amount`,`enterprise_id`,`orgl_id`,`publish_username`,`take_time`,`content`,`location_id`,`sign_scope`,`del`,`status`,`publish_status`)VALUES(16010000000015,20161219172611,20161218213611,'元旦放假测试13',10,5,6566,10001,'张老师',150,'Lorem ipsum dolor sit amet, consectetur adipiscing elit. Aenean euismod bibendum laoreet. Proin gravida dolor sit amet lacus accumsan et viverra justo commodo. Proin sodales pulvinar tempor. Cum sociis natoque penatibus et magnis dis parturient montes, nascetur ridiculus mus. Nam fermentum, nulla luctus pharetra vulputate, felis tellus mollis orci, sed rhoncus sapien nunc eget odio.',50001,500,0,0,2);
INSERT INTO `t_meeting_personal_info` (`cust_id`,`meeting_id`,`sign`,`sign_time`,`sign_address`,`sign_out`,`signout_time`,`signout_address`) VALUES (4010000005408,16010000000015,0,20161219144111,'签到地址-13',0,20161219124611,'签退地址-13');
INSERT INTO `t_meeting_info` (`id`,`begin_time`,`publish_time`,`title`,`sign_amount`,`signout_amount`,`enterprise_id`,`orgl_id`,`publish_username`,`take_time`,`content`,`location_id`,`sign_scope`,`del`,`status`,`publish_status`)VALUES(16010000000016,20161219170611,20161218203611,'元旦放假测试14',10,5,6566,10001,'张老师',150,'Lorem ipsum dolor sit amet, consectetur adipiscing elit. Aenean euismod bibendum laoreet. Proin gravida dolor sit amet lacus accumsan et viverra justo commodo. Proin sodales pulvinar tempor. Cum sociis natoque penatibus et magnis dis parturient montes, nascetur ridiculus mus. Nam fermentum, nulla luctus pharetra vulputate, felis tellus mollis orci, sed rhoncus sapien nunc eget odio.',50001,500,0,0,2);
INSERT INTO `t_meeting_personal_info` (`cust_id`,`meeting_id`,`sign`,`sign_time`,`sign_address`,`sign_out`,`signout_time`,`signout_address`) VALUES (4010000005408,16010000000016,0,20161219142111,'签到地址-14',0,20161219122611,'签退地址-14');
INSERT INTO `t_sys_file_info` (`add_time`,`node_id`,`obj_id`,`photokey`,`type`,`file_url`,`file_pxf`,`width`,`height`)VALUES (20161216145600,1,16010000000016,'https://img11.360buyimg.com/n2/jfs/t3136/159/4260913001/36394/dfecbc6d/583e9638N552af568.jpg',2,'https://img11.360buyimg.com/n2/jfs/t3136/159/4260913001/36394/dfecbc6d/583e9638N552af568.jpg','.jpg',160,160);
INSERT INTO `t_meeting_info` (`id`,`begin_time`,`publish_time`,`title`,`sign_amount`,`signout_amount`,`enterprise_id`,`orgl_id`,`publish_username`,`take_time`,`content`,`location_id`,`sign_scope`,`del`,`status`,`publish_status`)VALUES(16010000000017,20161219164611,20161218193611,'元旦放假测试15',10,5,6566,10001,'张老师',150,'Lorem ipsum dolor sit amet, consectetur adipiscing elit. Aenean euismod bibendum laoreet. Proin gravida dolor sit amet lacus accumsan et viverra justo commodo. Proin sodales pulvinar tempor. Cum sociis natoque penatibus et magnis dis parturient montes, nascetur ridiculus mus. Nam fermentum, nulla luctus pharetra vulputate, felis tellus mollis orci, sed rhoncus sapien nunc eget odio.',50001,500,0,0,2);
INSERT INTO `t_meeting_personal_info` (`cust_id`,`meeting_id`,`sign`,`sign_time`,`sign_address`,`sign_out`,`signout_time`,`signout_address`) VALUES (4010000005408,16010000000017,0,20161219140111,'签到地址-15',0,20161219120611,'签退地址-15');
INSERT INTO `t_sys_file_info` (`add_time`,`node_id`,`obj_id`,`photokey`,`type`,`file_url`,`file_pxf`,`width`,`height`)VALUES (20161216145600,1,16010000000017,'https://img11.360buyimg.com/n2/jfs/t3136/159/4260913001/36394/dfecbc6d/583e9638N552af568.jpg',2,'https://img11.360buyimg.com/n2/jfs/t3136/159/4260913001/36394/dfecbc6d/583e9638N552af568.jpg','.jpg',160,160);
INSERT INTO `t_sys_file_info` (`add_time`,`node_id`,`obj_id`,`photokey`,`type`,`file_url`,`file_pxf`,`width`,`height`)VALUES (20161216145600,1,16010000000017,'https://m.360buyimg.com/mobilecms/jfs/t3709/22/2193681127/30145/39df1847/5849375eNf0ef1194.png',2,'https://m.360buyimg.com/mobilecms/jfs/t3709/22/2193681127/30145/39df1847/5849375eNf0ef1194.png','.png',160,160);
INSERT INTO `t_meeting_info` (`id`,`begin_time`,`publish_time`,`title`,`sign_amount`,`signout_amount`,`enterprise_id`,`orgl_id`,`publish_username`,`take_time`,`content`,`location_id`,`sign_scope`,`del`,`status`,`publish_status`)VALUES(16010000000018,20161219162611,20161218183611,'元旦放假测试16',10,5,6566,10001,'张老师',150,'Lorem ipsum dolor sit amet, consectetur adipiscing elit. Aenean euismod bibendum laoreet. Proin gravida dolor sit amet lacus accumsan et viverra justo commodo. Proin sodales pulvinar tempor. Cum sociis natoque penatibus et magnis dis parturient montes, nascetur ridiculus mus. Nam fermentum, nulla luctus pharetra vulputate, felis tellus mollis orci, sed rhoncus sapien nunc eget odio.',50001,500,0,0,2);
INSERT INTO `t_meeting_personal_info` (`cust_id`,`meeting_id`,`sign`,`sign_time`,`sign_address`,`sign_out`,`signout_time`,`signout_address`) VALUES (4010000005408,16010000000018,0,20161219134111,'签到地址-16',0,20161219114611,'签退地址-16');
INSERT INTO `t_sys_file_info` (`add_time`,`node_id`,`obj_id`,`photokey`,`type`,`file_url`,`file_pxf`,`width`,`height`)VALUES (20161216145600,1,16010000000018,'https://img11.360buyimg.com/n2/jfs/t3136/159/4260913001/36394/dfecbc6d/583e9638N552af568.jpg',2,'https://img11.360buyimg.com/n2/jfs/t3136/159/4260913001/36394/dfecbc6d/583e9638N552af568.jpg','.jpg',160,160);
INSERT INTO `t_sys_file_info` (`add_time`,`node_id`,`obj_id`,`photokey`,`type`,`file_url`,`file_pxf`,`width`,`height`)VALUES (20161216145600,1,16010000000018,'https://m.360buyimg.com/mobilecms/jfs/t3709/22/2193681127/30145/39df1847/5849375eNf0ef1194.png',2,'https://m.360buyimg.com/mobilecms/jfs/t3709/22/2193681127/30145/39df1847/5849375eNf0ef1194.png','.png',160,160);
INSERT INTO `t_meeting_info` (`id`,`begin_time`,`publish_time`,`title`,`sign_amount`,`signout_amount`,`enterprise_id`,`orgl_id`,`publish_username`,`take_time`,`content`,`location_id`,`sign_scope`,`del`,`status`,`publish_status`)VALUES(16010000000019,20161219160611,20161218173611,'元旦放假测试17',10,5,6566,10001,'张老师',150,'Lorem ipsum dolor sit amet, consectetur adipiscing elit. Aenean euismod bibendum laoreet. Proin gravida dolor sit amet lacus accumsan et viverra justo commodo. Proin sodales pulvinar tempor. Cum sociis natoque penatibus et magnis dis parturient montes, nascetur ridiculus mus. Nam fermentum, nulla luctus pharetra vulputate, felis tellus mollis orci, sed rhoncus sapien nunc eget odio.',50001,500,0,0,2);
INSERT INTO `t_meeting_personal_info` (`cust_id`,`meeting_id`,`sign`,`sign_time`,`sign_address`,`sign_out`,`signout_time`,`signout_address`) VALUES (4010000005408,16010000000019,0,20161219132111,'签到地址-17',0,20161219112611,'签退地址-17');
INSERT INTO `t_meeting_info` (`id`,`begin_time`,`publish_time`,`title`,`sign_amount`,`signout_amount`,`enterprise_id`,`orgl_id`,`publish_username`,`take_time`,`content`,`location_id`,`sign_scope`,`del`,`status`,`publish_status`)VALUES(16010000000020,20161219154611,20161218163611,'元旦放假测试18',10,5,6566,10001,'张老师',150,'Lorem ipsum dolor sit amet, consectetur adipiscing elit. Aenean euismod bibendum laoreet. Proin gravida dolor sit amet lacus accumsan et viverra justo commodo. Proin sodales pulvinar tempor. Cum sociis natoque penatibus et magnis dis parturient montes, nascetur ridiculus mus. Nam fermentum, nulla luctus pharetra vulputate, felis tellus mollis orci, sed rhoncus sapien nunc eget odio.',50001,500,0,0,2);
INSERT INTO `t_meeting_personal_info` (`cust_id`,`meeting_id`,`sign`,`sign_time`,`sign_address`,`sign_out`,`signout_time`,`signout_address`) VALUES (4010000005408,16010000000020,0,20161219130111,'签到地址-18',0,20161219110611,'签退地址-18');
INSERT INTO `t_meeting_info` (`id`,`begin_time`,`publish_time`,`title`,`sign_amount`,`signout_amount`,`enterprise_id`,`orgl_id`,`publish_username`,`take_time`,`content`,`location_id`,`sign_scope`,`del`,`status`,`publish_status`)VALUES(16010000000021,20161219152611,20161218153611,'元旦放假测试19',10,5,6566,10001,'张老师',150,'Lorem ipsum dolor sit amet, consectetur adipiscing elit. Aenean euismod bibendum laoreet. Proin gravida dolor sit amet lacus accumsan et viverra justo commodo. Proin sodales pulvinar tempor. Cum sociis natoque penatibus et magnis dis parturient montes, nascetur ridiculus mus. Nam fermentum, nulla luctus pharetra vulputate, felis tellus mollis orci, sed rhoncus sapien nunc eget odio.',50001,500,0,0,2);
INSERT INTO `t_meeting_personal_info` (`cust_id`,`meeting_id`,`sign`,`sign_time`,`sign_address`,`sign_out`,`signout_time`,`signout_address`) VALUES (4010000005408,16010000000021,0,20161219124111,'签到地址-19',0,20161219104611,'签退地址-19');
INSERT INTO `t_sys_file_info` (`add_time`,`node_id`,`obj_id`,`photokey`,`type`,`file_url`,`file_pxf`,`width`,`height`)VALUES (20161216145600,1,16010000000021,'https://img11.360buyimg.com/n2/jfs/t3136/159/4260913001/36394/dfecbc6d/583e9638N552af568.jpg',2,'https://img11.360buyimg.com/n2/jfs/t3136/159/4260913001/36394/dfecbc6d/583e9638N552af568.jpg','.jpg',160,160);
INSERT INTO `t_sys_file_info` (`add_time`,`node_id`,`obj_id`,`photokey`,`type`,`file_url`,`file_pxf`,`width`,`height`)VALUES (20161216145600,1,16010000000021,'https://m.360buyimg.com/mobilecms/jfs/t3709/22/2193681127/30145/39df1847/5849375eNf0ef1194.png',2,'https://m.360buyimg.com/mobilecms/jfs/t3709/22/2193681127/30145/39df1847/5849375eNf0ef1194.png','.png',160,160);
INSERT INTO `t_sys_file_info` (`add_time`,`node_id`,`obj_id`,`photokey`,`type`,`file_url`,`file_pxf`,`width`,`height`)VALUES (20161216145600,1,16010000000021,'https://img13.360buyimg.com/n2/jfs/t3802/139/1578218185/30208/d7158126/582c3293N0c49c7d2.jpg',2,'https://img13.360buyimg.com/n2/jfs/t3802/139/1578218185/30208/d7158126/582c3293N0c49c7d2.jpg','.jpg',160,160);
INSERT INTO `t_meeting_info` (`id`,`begin_time`,`publish_time`,`title`,`sign_amount`,`signout_amount`,`enterprise_id`,`orgl_id`,`publish_username`,`take_time`,`content`,`location_id`,`sign_scope`,`del`,`status`,`publish_status`)VALUES(16010000000022,20161219150611,20161218143611,'元旦放假测试20',10,5,6566,10001,'张老师',150,'Lorem ipsum dolor sit amet, consectetur adipiscing elit. Aenean euismod bibendum laoreet. Proin gravida dolor sit amet lacus accumsan et viverra justo commodo. Proin sodales pulvinar tempor. Cum sociis natoque penatibus et magnis dis parturient montes, nascetur ridiculus mus. Nam fermentum, nulla luctus pharetra vulputate, felis tellus mollis orci, sed rhoncus sapien nunc eget odio.',50001,500,0,0,2);
INSERT INTO `t_meeting_personal_info` (`cust_id`,`meeting_id`,`sign`,`sign_time`,`sign_address`,`sign_out`,`signout_time`,`signout_address`) VALUES (4010000005408,16010000000022,0,20161219122111,'签到地址-20',0,20161219102611,'签退地址-20');
INSERT INTO `t_meeting_info` (`id`,`begin_time`,`publish_time`,`title`,`sign_amount`,`signout_amount`,`enterprise_id`,`orgl_id`,`publish_username`,`take_time`,`content`,`location_id`,`sign_scope`,`del`,`status`,`publish_status`)VALUES(16010000000023,20161219144611,20161218133611,'元旦放假测试21',10,5,6566,10001,'张老师',150,'Lorem ipsum dolor sit amet, consectetur adipiscing elit. Aenean euismod bibendum laoreet. Proin gravida dolor sit amet lacus accumsan et viverra justo commodo. Proin sodales pulvinar tempor. Cum sociis natoque penatibus et magnis dis parturient montes, nascetur ridiculus mus. Nam fermentum, nulla luctus pharetra vulputate, felis tellus mollis orci, sed rhoncus sapien nunc eget odio.',50001,500,0,0,2);
INSERT INTO `t_meeting_personal_info` (`cust_id`,`meeting_id`,`sign`,`sign_time`,`sign_address`,`sign_out`,`signout_time`,`signout_address`) VALUES (4010000005408,16010000000023,0,20161219120111,'签到地址-21',0,20161219100611,'签退地址-21');
INSERT INTO `t_sys_file_info` (`add_time`,`node_id`,`obj_id`,`photokey`,`type`,`file_url`,`file_pxf`,`width`,`height`)VALUES (20161216145600,1,16010000000023,'https://img11.360buyimg.com/n2/jfs/t3136/159/4260913001/36394/dfecbc6d/583e9638N552af568.jpg',2,'https://img11.360buyimg.com/n2/jfs/t3136/159/4260913001/36394/dfecbc6d/583e9638N552af568.jpg','.jpg',160,160);
INSERT INTO `t_sys_file_info` (`add_time`,`node_id`,`obj_id`,`photokey`,`type`,`file_url`,`file_pxf`,`width`,`height`)VALUES (20161216145600,1,16010000000023,'https://m.360buyimg.com/mobilecms/jfs/t3709/22/2193681127/30145/39df1847/5849375eNf0ef1194.png',2,'https://m.360buyimg.com/mobilecms/jfs/t3709/22/2193681127/30145/39df1847/5849375eNf0ef1194.png','.png',160,160);
INSERT INTO `t_meeting_info` (`id`,`begin_time`,`publish_time`,`title`,`sign_amount`,`signout_amount`,`enterprise_id`,`orgl_id`,`publish_username`,`take_time`,`content`,`location_id`,`sign_scope`,`del`,`status`,`publish_status`)VALUES(16010000000024,20161219142611,20161218123611,'元旦放假测试22',10,5,6566,10001,'张老师',150,'Lorem ipsum dolor sit amet, consectetur adipiscing elit. Aenean euismod bibendum laoreet. Proin gravida dolor sit amet lacus accumsan et viverra justo commodo. Proin sodales pulvinar tempor. Cum sociis natoque penatibus et magnis dis parturient montes, nascetur ridiculus mus. Nam fermentum, nulla luctus pharetra vulputate, felis tellus mollis orci, sed rhoncus sapien nunc eget odio.',50001,500,0,0,2);
INSERT INTO `t_meeting_personal_info` (`cust_id`,`meeting_id`,`sign`,`sign_time`,`sign_address`,`sign_out`,`signout_time`,`signout_address`) VALUES (4010000005408,16010000000024,0,20161219114111,'签到地址-22',0,20161219094611,'签退地址-22');
INSERT INTO `t_sys_file_info` (`add_time`,`node_id`,`obj_id`,`photokey`,`type`,`file_url`,`file_pxf`,`width`,`height`)VALUES (20161216145600,1,16010000000024,'https://img11.360buyimg.com/n2/jfs/t3136/159/4260913001/36394/dfecbc6d/583e9638N552af568.jpg',2,'https://img11.360buyimg.com/n2/jfs/t3136/159/4260913001/36394/dfecbc6d/583e9638N552af568.jpg','.jpg',160,160);
INSERT INTO `t_sys_file_info` (`add_time`,`node_id`,`obj_id`,`photokey`,`type`,`file_url`,`file_pxf`,`width`,`height`)VALUES (20161216145600,1,16010000000024,'https://m.360buyimg.com/mobilecms/jfs/t3709/22/2193681127/30145/39df1847/5849375eNf0ef1194.png',2,'https://m.360buyimg.com/mobilecms/jfs/t3709/22/2193681127/30145/39df1847/5849375eNf0ef1194.png','.png',160,160);
INSERT INTO `t_meeting_info` (`id`,`begin_time`,`publish_time`,`title`,`sign_amount`,`signout_amount`,`enterprise_id`,`orgl_id`,`publish_username`,`take_time`,`content`,`location_id`,`sign_scope`,`del`,`status`,`publish_status`)VALUES(16010000000025,20161219140611,20161218113611,'元旦放假测试23',10,5,6566,10001,'张老师',150,'Lorem ipsum dolor sit amet, consectetur adipiscing elit. Aenean euismod bibendum laoreet. Proin gravida dolor sit amet lacus accumsan et viverra justo commodo. Proin sodales pulvinar tempor. Cum sociis natoque penatibus et magnis dis parturient montes, nascetur ridiculus mus. Nam fermentum, nulla luctus pharetra vulputate, felis tellus mollis orci, sed rhoncus sapien nunc eget odio.',50001,500,0,0,2);
INSERT INTO `t_meeting_personal_info` (`cust_id`,`meeting_id`,`sign`,`sign_time`,`sign_address`,`sign_out`,`signout_time`,`signout_address`) VALUES (4010000005408,16010000000025,0,20161219112111,'签到地址-23',0,20161219092611,'签退地址-23');
INSERT INTO `t_sys_file_info` (`add_time`,`node_id`,`obj_id`,`photokey`,`type`,`file_url`,`file_pxf`,`width`,`height`)VALUES (20161216145600,1,16010000000025,'https://img11.360buyimg.com/n2/jfs/t3136/159/4260913001/36394/dfecbc6d/583e9638N552af568.jpg',2,'https://img11.360buyimg.com/n2/jfs/t3136/159/4260913001/36394/dfecbc6d/583e9638N552af568.jpg','.jpg',160,160);
INSERT INTO `t_sys_file_info` (`add_time`,`node_id`,`obj_id`,`photokey`,`type`,`file_url`,`file_pxf`,`width`,`height`)VALUES (20161216145600,1,16010000000025,'https://m.360buyimg.com/mobilecms/jfs/t3709/22/2193681127/30145/39df1847/5849375eNf0ef1194.png',2,'https://m.360buyimg.com/mobilecms/jfs/t3709/22/2193681127/30145/39df1847/5849375eNf0ef1194.png','.png',160,160);
INSERT INTO `t_meeting_info` (`id`,`begin_time`,`publish_time`,`title`,`sign_amount`,`signout_amount`,`enterprise_id`,`orgl_id`,`publish_username`,`take_time`,`content`,`location_id`,`sign_scope`,`del`,`status`,`publish_status`)VALUES(16010000000026,20161219134611,20161218103611,'元旦放假测试24',10,5,6566,10001,'张老师',150,'Lorem ipsum dolor sit amet, consectetur adipiscing elit. Aenean euismod bibendum laoreet. Proin gravida dolor sit amet lacus accumsan et viverra justo commodo. Proin sodales pulvinar tempor. Cum sociis natoque penatibus et magnis dis parturient montes, nascetur ridiculus mus. Nam fermentum, nulla luctus pharetra vulputate, felis tellus mollis orci, sed rhoncus sapien nunc eget odio.',50001,500,0,0,2);
INSERT INTO `t_meeting_personal_info` (`cust_id`,`meeting_id`,`sign`,`sign_time`,`sign_address`,`sign_out`,`signout_time`,`signout_address`) VALUES (4010000005408,16010000000026,0,20161219110111,'签到地址-24',0,20161219090611,'签退地址-24');
INSERT INTO `t_meeting_info` (`id`,`begin_time`,`publish_time`,`title`,`sign_amount`,`signout_amount`,`enterprise_id`,`orgl_id`,`publish_username`,`take_time`,`content`,`location_id`,`sign_scope`,`del`,`status`,`publish_status`)VALUES(16010000000027,20161219132611,20161218093611,'元旦放假测试25',10,5,6566,10001,'张老师',150,'Lorem ipsum dolor sit amet, consectetur adipiscing elit. Aenean euismod bibendum laoreet. Proin gravida dolor sit amet lacus accumsan et viverra justo commodo. Proin sodales pulvinar tempor. Cum sociis natoque penatibus et magnis dis parturient montes, nascetur ridiculus mus. Nam fermentum, nulla luctus pharetra vulputate, felis tellus mollis orci, sed rhoncus sapien nunc eget odio.',50001,500,0,0,2);
INSERT INTO `t_meeting_personal_info` (`cust_id`,`meeting_id`,`sign`,`sign_time`,`sign_address`,`sign_out`,`signout_time`,`signout_address`) VALUES (4010000005408,16010000000027,0,20161219104111,'签到地址-25',0,20161219084611,'签退地址-25');
INSERT INTO `t_sys_file_info` (`add_time`,`node_id`,`obj_id`,`photokey`,`type`,`file_url`,`file_pxf`,`width`,`height`)VALUES (20161216145600,1,16010000000027,'https://img11.360buyimg.com/n2/jfs/t3136/159/4260913001/36394/dfecbc6d/583e9638N552af568.jpg',2,'https://img11.360buyimg.com/n2/jfs/t3136/159/4260913001/36394/dfecbc6d/583e9638N552af568.jpg','.jpg',160,160);
INSERT INTO `t_sys_file_info` (`add_time`,`node_id`,`obj_id`,`photokey`,`type`,`file_url`,`file_pxf`,`width`,`height`)VALUES (20161216145600,1,16010000000027,'https://m.360buyimg.com/mobilecms/jfs/t3709/22/2193681127/30145/39df1847/5849375eNf0ef1194.png',2,'https://m.360buyimg.com/mobilecms/jfs/t3709/22/2193681127/30145/39df1847/5849375eNf0ef1194.png','.png',160,160);
INSERT INTO `t_sys_file_info` (`add_time`,`node_id`,`obj_id`,`photokey`,`type`,`file_url`,`file_pxf`,`width`,`height`)VALUES (20161216145600,1,16010000000027,'https://img13.360buyimg.com/n2/jfs/t3802/139/1578218185/30208/d7158126/582c3293N0c49c7d2.jpg',2,'https://img13.360buyimg.com/n2/jfs/t3802/139/1578218185/30208/d7158126/582c3293N0c49c7d2.jpg','.jpg',160,160);
INSERT INTO `t_meeting_info` (`id`,`begin_time`,`publish_time`,`title`,`sign_amount`,`signout_amount`,`enterprise_id`,`orgl_id`,`publish_username`,`take_time`,`content`,`location_id`,`sign_scope`,`del`,`status`,`publish_status`)VALUES(16010000000028,20161219130611,20161218083611,'元旦放假测试26',10,5,6566,10001,'张老师',150,'Lorem ipsum dolor sit amet, consectetur adipiscing elit. Aenean euismod bibendum laoreet. Proin gravida dolor sit amet lacus accumsan et viverra justo commodo. Proin sodales pulvinar tempor. Cum sociis natoque penatibus et magnis dis parturient montes, nascetur ridiculus mus. Nam fermentum, nulla luctus pharetra vulputate, felis tellus mollis orci, sed rhoncus sapien nunc eget odio.',50001,500,0,0,2);
INSERT INTO `t_meeting_personal_info` (`cust_id`,`meeting_id`,`sign`,`sign_time`,`sign_address`,`sign_out`,`signout_time`,`signout_address`) VALUES (4010000005408,16010000000028,0,20161219102111,'签到地址-26',0,20161219082611,'签退地址-26');
INSERT INTO `t_sys_file_info` (`add_time`,`node_id`,`obj_id`,`photokey`,`type`,`file_url`,`file_pxf`,`width`,`height`)VALUES (20161216145600,1,16010000000028,'https://img11.360buyimg.com/n2/jfs/t3136/159/4260913001/36394/dfecbc6d/583e9638N552af568.jpg',2,'https://img11.360buyimg.com/n2/jfs/t3136/159/4260913001/36394/dfecbc6d/583e9638N552af568.jpg','.jpg',160,160);
INSERT INTO `t_sys_file_info` (`add_time`,`node_id`,`obj_id`,`photokey`,`type`,`file_url`,`file_pxf`,`width`,`height`)VALUES (20161216145600,1,16010000000028,'https://m.360buyimg.com/mobilecms/jfs/t3709/22/2193681127/30145/39df1847/5849375eNf0ef1194.png',2,'https://m.360buyimg.com/mobilecms/jfs/t3709/22/2193681127/30145/39df1847/5849375eNf0ef1194.png','.png',160,160);
INSERT INTO `t_sys_file_info` (`add_time`,`node_id`,`obj_id`,`photokey`,`type`,`file_url`,`file_pxf`,`width`,`height`)VALUES (20161216145600,1,16010000000028,'https://img13.360buyimg.com/n2/jfs/t3802/139/1578218185/30208/d7158126/582c3293N0c49c7d2.jpg',2,'https://img13.360buyimg.com/n2/jfs/t3802/139/1578218185/30208/d7158126/582c3293N0c49c7d2.jpg','.jpg',160,160);
INSERT INTO `t_meeting_info` (`id`,`begin_time`,`publish_time`,`title`,`sign_amount`,`signout_amount`,`enterprise_id`,`orgl_id`,`publish_username`,`take_time`,`content`,`location_id`,`sign_scope`,`del`,`status`,`publish_status`)VALUES(16010000000029,20161219124611,20161218073611,'元旦放假测试27',10,5,6566,10001,'张老师',150,'Lorem ipsum dolor sit amet, consectetur adipiscing elit. Aenean euismod bibendum laoreet. Proin gravida dolor sit amet lacus accumsan et viverra justo commodo. Proin sodales pulvinar tempor. Cum sociis natoque penatibus et magnis dis parturient montes, nascetur ridiculus mus. Nam fermentum, nulla luctus pharetra vulputate, felis tellus mollis orci, sed rhoncus sapien nunc eget odio.',50001,500,0,0,2);
INSERT INTO `t_meeting_personal_info` (`cust_id`,`meeting_id`,`sign`,`sign_time`,`sign_address`,`sign_out`,`signout_time`,`signout_address`) VALUES (4010000005408,16010000000029,0,20161219100111,'签到地址-27',0,20161219080611,'签退地址-27');
INSERT INTO `t_meeting_info` (`id`,`begin_time`,`publish_time`,`title`,`sign_amount`,`signout_amount`,`enterprise_id`,`orgl_id`,`publish_username`,`take_time`,`content`,`location_id`,`sign_scope`,`del`,`status`,`publish_status`)VALUES(16010000000030,20161219122611,20161218063611,'元旦放假测试28',10,5,6566,10001,'张老师',150,'Lorem ipsum dolor sit amet, consectetur adipiscing elit. Aenean euismod bibendum laoreet. Proin gravida dolor sit amet lacus accumsan et viverra justo commodo. Proin sodales pulvinar tempor. Cum sociis natoque penatibus et magnis dis parturient montes, nascetur ridiculus mus. Nam fermentum, nulla luctus pharetra vulputate, felis tellus mollis orci, sed rhoncus sapien nunc eget odio.',50001,500,0,0,2);
INSERT INTO `t_meeting_personal_info` (`cust_id`,`meeting_id`,`sign`,`sign_time`,`sign_address`,`sign_out`,`signout_time`,`signout_address`) VALUES (4010000005408,16010000000030,0,20161219094111,'签到地址-28',0,20161219074611,'签退地址-28');
INSERT INTO `t_sys_file_info` (`add_time`,`node_id`,`obj_id`,`photokey`,`type`,`file_url`,`file_pxf`,`width`,`height`)VALUES (20161216145600,1,16010000000030,'https://img11.360buyimg.com/n2/jfs/t3136/159/4260913001/36394/dfecbc6d/583e9638N552af568.jpg',2,'https://img11.360buyimg.com/n2/jfs/t3136/159/4260913001/36394/dfecbc6d/583e9638N552af568.jpg','.jpg',160,160);
INSERT INTO `t_sys_file_info` (`add_time`,`node_id`,`obj_id`,`photokey`,`type`,`file_url`,`file_pxf`,`width`,`height`)VALUES (20161216145600,1,16010000000030,'https://m.360buyimg.com/mobilecms/jfs/t3709/22/2193681127/30145/39df1847/5849375eNf0ef1194.png',2,'https://m.360buyimg.com/mobilecms/jfs/t3709/22/2193681127/30145/39df1847/5849375eNf0ef1194.png','.png',160,160);
INSERT INTO `t_meeting_info` (`id`,`begin_time`,`publish_time`,`title`,`sign_amount`,`signout_amount`,`enterprise_id`,`orgl_id`,`publish_username`,`take_time`,`content`,`location_id`,`sign_scope`,`del`,`status`,`publish_status`)VALUES(16010000000031,20161219120611,20161218053611,'元旦放假测试29',10,5,6566,10001,'张老师',150,'Lorem ipsum dolor sit amet, consectetur adipiscing elit. Aenean euismod bibendum laoreet. Proin gravida dolor sit amet lacus accumsan et viverra justo commodo. Proin sodales pulvinar tempor. Cum sociis natoque penatibus et magnis dis parturient montes, nascetur ridiculus mus. Nam fermentum, nulla luctus pharetra vulputate, felis tellus mollis orci, sed rhoncus sapien nunc eget odio.',50001,500,0,0,2);
INSERT INTO `t_meeting_personal_info` (`cust_id`,`meeting_id`,`sign`,`sign_time`,`sign_address`,`sign_out`,`signout_time`,`signout_address`) VALUES (4010000005408,16010000000031,0,20161219092111,'签到地址-29',0,20161219072611,'签退地址-29');
