INSERT INTO `t_sys_bas_location` (`node_id`,`id`,`address`,`create_time`,`create_user`,`is_active`,`lat`,`lng`,`post_code`,`region_code`,`time_zone_code`,`business_code`) VALUES (0,20010000004001,'广东省广州市天河区冼村街道高志大厦',20160226144157,NULL,1,231257,1133401,NULL,'340105',NULL,NULL);

INSERT INTO `t_sys_schoolorg` (`id`,`cust_id`,`orgmodel_id`,`isshow`,`user_id`,`company_code`,`full_name`,`short_name`,`contactor_sn`,`business_code`,`remark`,`photokey`,`type`,`order_num`,`parent_id`,`leader`,`region_code`,`create_time`,`creator_person`,`update_time`,`updater`,`isValid`,`max_assign_members`) VALUES (10001,NULL,1110000000001,NULL,NULL,NULL,'教务处','教务处',NULL,NULL,NULL,NULL,NULL,NULL,NULL,NULL,NULL,NULL,NULL,NULL,NULL,NULL,NULL);


INSERT INTO `t_meeting_info` (`id`,`begin_time`,`publish_time`,`title`,`sign_amount`,`signout_amount`,`enterprise_id`,`orgl_id`,`publish_username`,`take_time`,`content`,`location_id`,`sign_scope`,`del`,`status`,`publish_status`)VALUES(16010000000002,20161222113724,20161222002724,'元旦放假-2017i00',10,5,1110000000001,10001,'张老师',150,'Lorem ipsum dolor sit amet, consectetur adipiscing elit. Aenean euismod bibendum laoreet. Proin gravida dolor sit amet lacus accumsan et viverra justo commodo. Proin sodales pulvinar tempor. Cum sociis natoque penatibus et magnis dis parturient montes, nascetur ridiculus mus. Nam fermentum, nulla luctus pharetra vulputate, felis tellus mollis orci, sed rhoncus sapien nunc eget odio.',20010000004001,500,0,0,2);
INSERT INTO `t_meeting_personal_info` (`cust_id`,`meeting_id`,`sign`,`sign_time`,`sign_address`,`sign_out`,`signout_time`,`signout_address`) VALUES (4010000005067,16010000000002,0,20161222085224,'',0,20161222065724,'');
INSERT INTO `t_meeting_personal_info` (`cust_id`,`meeting_id`,`sign`,`sign_time`,`sign_address`,`sign_out`,`signout_time`,`signout_address`) VALUES (4010000005031,16010000000002,0,20161222085224,'',0,20161222065724,'');
INSERT INTO `t_meeting_personal_info` (`cust_id`,`meeting_id`,`sign`,`sign_time`,`sign_address`,`sign_out`,`signout_time`,`signout_address`) VALUES (4010000005057,16010000000002,0,20161222085224,'',0,20161222065724,'');
INSERT INTO `t_sys_file_info` (`add_time`,`node_id`,`obj_id`,`photokey`,`type`,`file_url`,`file_pxf`,`width`,`height`)VALUES (20161216145600,1,16010000000002,'https://img11.360buyimg.com/n2/jfs/t3136/159/4260913001/36394/dfecbc6d/583e9638N552af568.jpg',2,'https://img11.360buyimg.com/n2/jfs/t3136/159/4260913001/36394/dfecbc6d/583e9638N552af568.jpg','.jpg',160,160);
INSERT INTO `t_sys_file_info` (`add_time`,`node_id`,`obj_id`,`photokey`,`type`,`file_url`,`file_pxf`,`width`,`height`)VALUES (20161216145600,1,16010000000002,'https://m.360buyimg.com/mobilecms/jfs/t3709/22/2193681127/30145/39df1847/5849375eNf0ef1194.png',2,'https://m.360buyimg.com/mobilecms/jfs/t3709/22/2193681127/30145/39df1847/5849375eNf0ef1194.png','.png',160,160);
INSERT INTO `t_sys_file_info` (`add_time`,`node_id`,`obj_id`,`photokey`,`type`,`file_url`,`file_pxf`,`width`,`height`)VALUES (20161216145600,1,16010000000002,'https://img13.360buyimg.com/n2/jfs/t3802/139/1578218185/30208/d7158126/582c3293N0c49c7d2.jpg',2,'https://img13.360buyimg.com/n2/jfs/t3802/139/1578218185/30208/d7158126/582c3293N0c49c7d2.jpg','.jpg',160,160);
INSERT INTO `t_meeting_info` (`id`,`begin_time`,`publish_time`,`title`,`sign_amount`,`signout_amount`,`enterprise_id`,`orgl_id`,`publish_username`,`take_time`,`content`,`location_id`,`sign_scope`,`del`,`status`,`publish_status`)VALUES(16010000000003,20161222111724,20161221232724,'元旦放假-2017i11',10,5,1110000000001,10001,'张老师',150,'Lorem ipsum dolor sit amet, consectetur adipiscing elit. Aenean euismod bibendum laoreet. Proin gravida dolor sit amet lacus accumsan et viverra justo commodo. Proin sodales pulvinar tempor. Cum sociis natoque penatibus et magnis dis parturient montes, nascetur ridiculus mus. Nam fermentum, nulla luctus pharetra vulputate, felis tellus mollis orci, sed rhoncus sapien nunc eget odio.',20010000004001,500,0,0,2);
INSERT INTO `t_meeting_personal_info` (`cust_id`,`meeting_id`,`sign`,`sign_time`,`sign_address`,`sign_out`,`signout_time`,`signout_address`) VALUES (4010000005067,16010000000003,0,20161222083224,'',0,20161222063724,'');
INSERT INTO `t_meeting_personal_info` (`cust_id`,`meeting_id`,`sign`,`sign_time`,`sign_address`,`sign_out`,`signout_time`,`signout_address`) VALUES (4010000005031,16010000000003,0,20161222083224,'',0,20161222063724,'');
INSERT INTO `t_meeting_personal_info` (`cust_id`,`meeting_id`,`sign`,`sign_time`,`sign_address`,`sign_out`,`signout_time`,`signout_address`) VALUES (4010000005057,16010000000003,0,20161222083224,'',0,20161222063724,'');
INSERT INTO `t_sys_file_info` (`add_time`,`node_id`,`obj_id`,`photokey`,`type`,`file_url`,`file_pxf`,`width`,`height`)VALUES (20161216145600,1,16010000000003,'https://img11.360buyimg.com/n2/jfs/t3136/159/4260913001/36394/dfecbc6d/583e9638N552af568.jpg',2,'https://img11.360buyimg.com/n2/jfs/t3136/159/4260913001/36394/dfecbc6d/583e9638N552af568.jpg','.jpg',160,160);
INSERT INTO `t_sys_file_info` (`add_time`,`node_id`,`obj_id`,`photokey`,`type`,`file_url`,`file_pxf`,`width`,`height`)VALUES (20161216145600,1,16010000000003,'https://m.360buyimg.com/mobilecms/jfs/t3709/22/2193681127/30145/39df1847/5849375eNf0ef1194.png',2,'https://m.360buyimg.com/mobilecms/jfs/t3709/22/2193681127/30145/39df1847/5849375eNf0ef1194.png','.png',160,160);
INSERT INTO `t_meeting_info` (`id`,`begin_time`,`publish_time`,`title`,`sign_amount`,`signout_amount`,`enterprise_id`,`orgl_id`,`publish_username`,`take_time`,`content`,`location_id`,`sign_scope`,`del`,`status`,`publish_status`)VALUES(16010000000004,20161222105724,20161221222724,'元旦放假-2017i22',10,5,1110000000001,10001,'张老师',150,'Lorem ipsum dolor sit amet, consectetur adipiscing elit. Aenean euismod bibendum laoreet. Proin gravida dolor sit amet lacus accumsan et viverra justo commodo. Proin sodales pulvinar tempor. Cum sociis natoque penatibus et magnis dis parturient montes, nascetur ridiculus mus. Nam fermentum, nulla luctus pharetra vulputate, felis tellus mollis orci, sed rhoncus sapien nunc eget odio.',20010000004001,500,0,0,2);
INSERT INTO `t_meeting_personal_info` (`cust_id`,`meeting_id`,`sign`,`sign_time`,`sign_address`,`sign_out`,`signout_time`,`signout_address`) VALUES (4010000005067,16010000000004,0,20161222081224,'',0,20161222061724,'');
INSERT INTO `t_meeting_personal_info` (`cust_id`,`meeting_id`,`sign`,`sign_time`,`sign_address`,`sign_out`,`signout_time`,`signout_address`) VALUES (4010000005031,16010000000004,0,20161222081224,'',0,20161222061724,'');
INSERT INTO `t_meeting_personal_info` (`cust_id`,`meeting_id`,`sign`,`sign_time`,`sign_address`,`sign_out`,`signout_time`,`signout_address`) VALUES (4010000005057,16010000000004,0,20161222081224,'',0,20161222061724,'');
INSERT INTO `t_sys_file_info` (`add_time`,`node_id`,`obj_id`,`photokey`,`type`,`file_url`,`file_pxf`,`width`,`height`)VALUES (20161216145600,1,16010000000004,'https://img11.360buyimg.com/n2/jfs/t3136/159/4260913001/36394/dfecbc6d/583e9638N552af568.jpg',2,'https://img11.360buyimg.com/n2/jfs/t3136/159/4260913001/36394/dfecbc6d/583e9638N552af568.jpg','.jpg',160,160);
INSERT INTO `t_sys_file_info` (`add_time`,`node_id`,`obj_id`,`photokey`,`type`,`file_url`,`file_pxf`,`width`,`height`)VALUES (20161216145600,1,16010000000004,'https://m.360buyimg.com/mobilecms/jfs/t3709/22/2193681127/30145/39df1847/5849375eNf0ef1194.png',2,'https://m.360buyimg.com/mobilecms/jfs/t3709/22/2193681127/30145/39df1847/5849375eNf0ef1194.png','.png',160,160);
INSERT INTO `t_sys_file_info` (`add_time`,`node_id`,`obj_id`,`photokey`,`type`,`file_url`,`file_pxf`,`width`,`height`)VALUES (20161216145600,1,16010000000004,'https://img13.360buyimg.com/n2/jfs/t3802/139/1578218185/30208/d7158126/582c3293N0c49c7d2.jpg',2,'https://img13.360buyimg.com/n2/jfs/t3802/139/1578218185/30208/d7158126/582c3293N0c49c7d2.jpg','.jpg',160,160);
INSERT INTO `t_sys_file_info` (`add_time`,`node_id`,`obj_id`,`photokey`,`type`,`file_url`,`file_pxf`,`width`,`height`)VALUES (20161216145600,1,16010000000004,'https://img11.360buyimg.com/n2/jfs/t3643/47/2194531012/64734/267b2f05/58462c7bN2de7ca4a.jpg',2,'https://img11.360buyimg.com/n2/jfs/t3643/47/2194531012/64734/267b2f05/58462c7bN2de7ca4a.jpg','.jpg',160,160);
INSERT INTO `t_sys_file_info` (`add_time`,`node_id`,`obj_id`,`photokey`,`type`,`file_url`,`file_pxf`,`width`,`height`)VALUES (20161216145600,1,16010000000004,'https://img11.360buyimg.com/n2/jfs/t3136/159/4260913001/36394/dfecbc6d/583e9638N552af568.jpg',2,'https://img11.360buyimg.com/n2/jfs/t3136/159/4260913001/36394/dfecbc6d/583e9638N552af568.jpg','.jpg',160,160);
INSERT INTO `t_sys_file_info` (`add_time`,`node_id`,`obj_id`,`photokey`,`type`,`file_url`,`file_pxf`,`width`,`height`)VALUES (20161216145600,1,16010000000004,'https://img12.360buyimg.com/n2/jfs/t3574/268/2297671180/104880/c07ba5c/584a186eN99d0a125.jpg',2,'https://img12.360buyimg.com/n2/jfs/t3574/268/2297671180/104880/c07ba5c/584a186eN99d0a125.jpg','.jpg',160,160);
INSERT INTO `t_meeting_info` (`id`,`begin_time`,`publish_time`,`title`,`sign_amount`,`signout_amount`,`enterprise_id`,`orgl_id`,`publish_username`,`take_time`,`content`,`location_id`,`sign_scope`,`del`,`status`,`publish_status`)VALUES(16010000000005,20161222103724,20161221212724,'元旦放假-2017i33',10,5,1110000000001,10001,'张老师',150,'Lorem ipsum dolor sit amet, consectetur adipiscing elit. Aenean euismod bibendum laoreet. Proin gravida dolor sit amet lacus accumsan et viverra justo commodo. Proin sodales pulvinar tempor. Cum sociis natoque penatibus et magnis dis parturient montes, nascetur ridiculus mus. Nam fermentum, nulla luctus pharetra vulputate, felis tellus mollis orci, sed rhoncus sapien nunc eget odio.',20010000004001,500,0,0,2);
INSERT INTO `t_meeting_personal_info` (`cust_id`,`meeting_id`,`sign`,`sign_time`,`sign_address`,`sign_out`,`signout_time`,`signout_address`) VALUES (4010000005067,16010000000005,0,20161222075224,'',0,20161222055724,'');
INSERT INTO `t_meeting_personal_info` (`cust_id`,`meeting_id`,`sign`,`sign_time`,`sign_address`,`sign_out`,`signout_time`,`signout_address`) VALUES (4010000005031,16010000000005,0,20161222075224,'',0,20161222055724,'');
INSERT INTO `t_meeting_personal_info` (`cust_id`,`meeting_id`,`sign`,`sign_time`,`sign_address`,`sign_out`,`signout_time`,`signout_address`) VALUES (4010000005057,16010000000005,0,20161222075224,'',0,20161222055724,'');
INSERT INTO `t_sys_file_info` (`add_time`,`node_id`,`obj_id`,`photokey`,`type`,`file_url`,`file_pxf`,`width`,`height`)VALUES (20161216145600,1,16010000000005,'https://img11.360buyimg.com/n2/jfs/t3136/159/4260913001/36394/dfecbc6d/583e9638N552af568.jpg',2,'https://img11.360buyimg.com/n2/jfs/t3136/159/4260913001/36394/dfecbc6d/583e9638N552af568.jpg','.jpg',160,160);
INSERT INTO `t_sys_file_info` (`add_time`,`node_id`,`obj_id`,`photokey`,`type`,`file_url`,`file_pxf`,`width`,`height`)VALUES (20161216145600,1,16010000000005,'https://m.360buyimg.com/mobilecms/jfs/t3709/22/2193681127/30145/39df1847/5849375eNf0ef1194.png',2,'https://m.360buyimg.com/mobilecms/jfs/t3709/22/2193681127/30145/39df1847/5849375eNf0ef1194.png','.png',160,160);
INSERT INTO `t_sys_file_info` (`add_time`,`node_id`,`obj_id`,`photokey`,`type`,`file_url`,`file_pxf`,`width`,`height`)VALUES (20161216145600,1,16010000000005,'https://img13.360buyimg.com/n2/jfs/t3802/139/1578218185/30208/d7158126/582c3293N0c49c7d2.jpg',2,'https://img13.360buyimg.com/n2/jfs/t3802/139/1578218185/30208/d7158126/582c3293N0c49c7d2.jpg','.jpg',160,160);
INSERT INTO `t_sys_file_info` (`add_time`,`node_id`,`obj_id`,`photokey`,`type`,`file_url`,`file_pxf`,`width`,`height`)VALUES (20161216145600,1,16010000000005,'https://img11.360buyimg.com/n2/jfs/t3643/47/2194531012/64734/267b2f05/58462c7bN2de7ca4a.jpg',2,'https://img11.360buyimg.com/n2/jfs/t3643/47/2194531012/64734/267b2f05/58462c7bN2de7ca4a.jpg','.jpg',160,160);
INSERT INTO `t_sys_file_info` (`add_time`,`node_id`,`obj_id`,`photokey`,`type`,`file_url`,`file_pxf`,`width`,`height`)VALUES (20161216145600,1,16010000000005,'https://img11.360buyimg.com/n2/jfs/t3136/159/4260913001/36394/dfecbc6d/583e9638N552af568.jpg',2,'https://img11.360buyimg.com/n2/jfs/t3136/159/4260913001/36394/dfecbc6d/583e9638N552af568.jpg','.jpg',160,160);
INSERT INTO `t_sys_file_info` (`add_time`,`node_id`,`obj_id`,`photokey`,`type`,`file_url`,`file_pxf`,`width`,`height`)VALUES (20161216145600,1,16010000000005,'https://img12.360buyimg.com/n2/jfs/t3574/268/2297671180/104880/c07ba5c/584a186eN99d0a125.jpg',2,'https://img12.360buyimg.com/n2/jfs/t3574/268/2297671180/104880/c07ba5c/584a186eN99d0a125.jpg','.jpg',160,160);
INSERT INTO `t_sys_file_info` (`add_time`,`node_id`,`obj_id`,`photokey`,`type`,`file_url`,`file_pxf`,`width`,`height`)VALUES (20161216145600,1,16010000000005,'http://img10.360buyimg.com/n7/jfs/t2923/42/912895852/46378/d4af2dcf/576cb32bNc73fb820.jpg',2,'http://img10.360buyimg.com/n7/jfs/t2923/42/912895852/46378/d4af2dcf/576cb32bNc73fb820.jpg','.jpg',160,160);
INSERT INTO `t_meeting_info` (`id`,`begin_time`,`publish_time`,`title`,`sign_amount`,`signout_amount`,`enterprise_id`,`orgl_id`,`publish_username`,`take_time`,`content`,`location_id`,`sign_scope`,`del`,`status`,`publish_status`)VALUES(16010000000006,20161222101724,20161221202724,'元旦放假-2017i44',10,5,1110000000001,10001,'张老师',150,'Lorem ipsum dolor sit amet, consectetur adipiscing elit. Aenean euismod bibendum laoreet. Proin gravida dolor sit amet lacus accumsan et viverra justo commodo. Proin sodales pulvinar tempor. Cum sociis natoque penatibus et magnis dis parturient montes, nascetur ridiculus mus. Nam fermentum, nulla luctus pharetra vulputate, felis tellus mollis orci, sed rhoncus sapien nunc eget odio.',20010000004001,500,0,0,2);
INSERT INTO `t_meeting_personal_info` (`cust_id`,`meeting_id`,`sign`,`sign_time`,`sign_address`,`sign_out`,`signout_time`,`signout_address`) VALUES (4010000005067,16010000000006,0,20161222073224,'',0,20161222053724,'');
INSERT INTO `t_meeting_personal_info` (`cust_id`,`meeting_id`,`sign`,`sign_time`,`sign_address`,`sign_out`,`signout_time`,`signout_address`) VALUES (4010000005031,16010000000006,0,20161222073224,'',0,20161222053724,'');
INSERT INTO `t_meeting_personal_info` (`cust_id`,`meeting_id`,`sign`,`sign_time`,`sign_address`,`sign_out`,`signout_time`,`signout_address`) VALUES (4010000005057,16010000000006,0,20161222073224,'',0,20161222053724,'');
INSERT INTO `t_sys_file_info` (`add_time`,`node_id`,`obj_id`,`photokey`,`type`,`file_url`,`file_pxf`,`width`,`height`)VALUES (20161216145600,1,16010000000006,'https://img11.360buyimg.com/n2/jfs/t3136/159/4260913001/36394/dfecbc6d/583e9638N552af568.jpg',2,'https://img11.360buyimg.com/n2/jfs/t3136/159/4260913001/36394/dfecbc6d/583e9638N552af568.jpg','.jpg',160,160);
INSERT INTO `t_sys_file_info` (`add_time`,`node_id`,`obj_id`,`photokey`,`type`,`file_url`,`file_pxf`,`width`,`height`)VALUES (20161216145600,1,16010000000006,'https://m.360buyimg.com/mobilecms/jfs/t3709/22/2193681127/30145/39df1847/5849375eNf0ef1194.png',2,'https://m.360buyimg.com/mobilecms/jfs/t3709/22/2193681127/30145/39df1847/5849375eNf0ef1194.png','.png',160,160);
INSERT INTO `t_sys_file_info` (`add_time`,`node_id`,`obj_id`,`photokey`,`type`,`file_url`,`file_pxf`,`width`,`height`)VALUES (20161216145600,1,16010000000006,'https://img13.360buyimg.com/n2/jfs/t3802/139/1578218185/30208/d7158126/582c3293N0c49c7d2.jpg',2,'https://img13.360buyimg.com/n2/jfs/t3802/139/1578218185/30208/d7158126/582c3293N0c49c7d2.jpg','.jpg',160,160);
INSERT INTO `t_sys_file_info` (`add_time`,`node_id`,`obj_id`,`photokey`,`type`,`file_url`,`file_pxf`,`width`,`height`)VALUES (20161216145600,1,16010000000006,'https://img11.360buyimg.com/n2/jfs/t3643/47/2194531012/64734/267b2f05/58462c7bN2de7ca4a.jpg',2,'https://img11.360buyimg.com/n2/jfs/t3643/47/2194531012/64734/267b2f05/58462c7bN2de7ca4a.jpg','.jpg',160,160);
INSERT INTO `t_sys_file_info` (`add_time`,`node_id`,`obj_id`,`photokey`,`type`,`file_url`,`file_pxf`,`width`,`height`)VALUES (20161216145600,1,16010000000006,'https://img11.360buyimg.com/n2/jfs/t3136/159/4260913001/36394/dfecbc6d/583e9638N552af568.jpg',2,'https://img11.360buyimg.com/n2/jfs/t3136/159/4260913001/36394/dfecbc6d/583e9638N552af568.jpg','.jpg',160,160);
INSERT INTO `t_meeting_info` (`id`,`begin_time`,`publish_time`,`title`,`sign_amount`,`signout_amount`,`enterprise_id`,`orgl_id`,`publish_username`,`take_time`,`content`,`location_id`,`sign_scope`,`del`,`status`,`publish_status`)VALUES(16010000000007,20161222095724,20161221192724,'元旦放假-2017i55',10,5,1110000000001,10001,'张老师',150,'Lorem ipsum dolor sit amet, consectetur adipiscing elit. Aenean euismod bibendum laoreet. Proin gravida dolor sit amet lacus accumsan et viverra justo commodo. Proin sodales pulvinar tempor. Cum sociis natoque penatibus et magnis dis parturient montes, nascetur ridiculus mus. Nam fermentum, nulla luctus pharetra vulputate, felis tellus mollis orci, sed rhoncus sapien nunc eget odio.',20010000004001,500,0,0,2);
INSERT INTO `t_meeting_personal_info` (`cust_id`,`meeting_id`,`sign`,`sign_time`,`sign_address`,`sign_out`,`signout_time`,`signout_address`) VALUES (4010000005067,16010000000007,0,20161222071224,'',0,20161222051724,'');
INSERT INTO `t_meeting_personal_info` (`cust_id`,`meeting_id`,`sign`,`sign_time`,`sign_address`,`sign_out`,`signout_time`,`signout_address`) VALUES (4010000005031,16010000000007,0,20161222071224,'',0,20161222051724,'');
INSERT INTO `t_meeting_personal_info` (`cust_id`,`meeting_id`,`sign`,`sign_time`,`sign_address`,`sign_out`,`signout_time`,`signout_address`) VALUES (4010000005057,16010000000007,0,20161222071224,'',0,20161222051724,'');
INSERT INTO `t_sys_file_info` (`add_time`,`node_id`,`obj_id`,`photokey`,`type`,`file_url`,`file_pxf`,`width`,`height`)VALUES (20161216145600,1,16010000000007,'https://img11.360buyimg.com/n2/jfs/t3136/159/4260913001/36394/dfecbc6d/583e9638N552af568.jpg',2,'https://img11.360buyimg.com/n2/jfs/t3136/159/4260913001/36394/dfecbc6d/583e9638N552af568.jpg','.jpg',160,160);
INSERT INTO `t_sys_file_info` (`add_time`,`node_id`,`obj_id`,`photokey`,`type`,`file_url`,`file_pxf`,`width`,`height`)VALUES (20161216145600,1,16010000000007,'https://m.360buyimg.com/mobilecms/jfs/t3709/22/2193681127/30145/39df1847/5849375eNf0ef1194.png',2,'https://m.360buyimg.com/mobilecms/jfs/t3709/22/2193681127/30145/39df1847/5849375eNf0ef1194.png','.png',160,160);
INSERT INTO `t_sys_file_info` (`add_time`,`node_id`,`obj_id`,`photokey`,`type`,`file_url`,`file_pxf`,`width`,`height`)VALUES (20161216145600,1,16010000000007,'https://img13.360buyimg.com/n2/jfs/t3802/139/1578218185/30208/d7158126/582c3293N0c49c7d2.jpg',2,'https://img13.360buyimg.com/n2/jfs/t3802/139/1578218185/30208/d7158126/582c3293N0c49c7d2.jpg','.jpg',160,160);
INSERT INTO `t_sys_file_info` (`add_time`,`node_id`,`obj_id`,`photokey`,`type`,`file_url`,`file_pxf`,`width`,`height`)VALUES (20161216145600,1,16010000000007,'https://img11.360buyimg.com/n2/jfs/t3643/47/2194531012/64734/267b2f05/58462c7bN2de7ca4a.jpg',2,'https://img11.360buyimg.com/n2/jfs/t3643/47/2194531012/64734/267b2f05/58462c7bN2de7ca4a.jpg','.jpg',160,160);
INSERT INTO `t_sys_file_info` (`add_time`,`node_id`,`obj_id`,`photokey`,`type`,`file_url`,`file_pxf`,`width`,`height`)VALUES (20161216145600,1,16010000000007,'https://img11.360buyimg.com/n2/jfs/t3136/159/4260913001/36394/dfecbc6d/583e9638N552af568.jpg',2,'https://img11.360buyimg.com/n2/jfs/t3136/159/4260913001/36394/dfecbc6d/583e9638N552af568.jpg','.jpg',160,160);
INSERT INTO `t_sys_file_info` (`add_time`,`node_id`,`obj_id`,`photokey`,`type`,`file_url`,`file_pxf`,`width`,`height`)VALUES (20161216145600,1,16010000000007,'https://img12.360buyimg.com/n2/jfs/t3574/268/2297671180/104880/c07ba5c/584a186eN99d0a125.jpg',2,'https://img12.360buyimg.com/n2/jfs/t3574/268/2297671180/104880/c07ba5c/584a186eN99d0a125.jpg','.jpg',160,160);
INSERT INTO `t_meeting_info` (`id`,`begin_time`,`publish_time`,`title`,`sign_amount`,`signout_amount`,`enterprise_id`,`orgl_id`,`publish_username`,`take_time`,`content`,`location_id`,`sign_scope`,`del`,`status`,`publish_status`)VALUES(16010000000008,20161222093724,20161221182724,'元旦放假-2017i66',10,5,1110000000001,10001,'张老师',150,'Lorem ipsum dolor sit amet, consectetur adipiscing elit. Aenean euismod bibendum laoreet. Proin gravida dolor sit amet lacus accumsan et viverra justo commodo. Proin sodales pulvinar tempor. Cum sociis natoque penatibus et magnis dis parturient montes, nascetur ridiculus mus. Nam fermentum, nulla luctus pharetra vulputate, felis tellus mollis orci, sed rhoncus sapien nunc eget odio.',20010000004001,500,0,0,2);
INSERT INTO `t_meeting_personal_info` (`cust_id`,`meeting_id`,`sign`,`sign_time`,`sign_address`,`sign_out`,`signout_time`,`signout_address`) VALUES (4010000005067,16010000000008,0,20161222065224,'',0,20161222045724,'');
INSERT INTO `t_meeting_personal_info` (`cust_id`,`meeting_id`,`sign`,`sign_time`,`sign_address`,`sign_out`,`signout_time`,`signout_address`) VALUES (4010000005031,16010000000008,0,20161222065224,'',0,20161222045724,'');
INSERT INTO `t_meeting_personal_info` (`cust_id`,`meeting_id`,`sign`,`sign_time`,`sign_address`,`sign_out`,`signout_time`,`signout_address`) VALUES (4010000005057,16010000000008,0,20161222065224,'',0,20161222045724,'');
INSERT INTO `t_sys_file_info` (`add_time`,`node_id`,`obj_id`,`photokey`,`type`,`file_url`,`file_pxf`,`width`,`height`)VALUES (20161216145600,1,16010000000008,'https://img11.360buyimg.com/n2/jfs/t3136/159/4260913001/36394/dfecbc6d/583e9638N552af568.jpg',2,'https://img11.360buyimg.com/n2/jfs/t3136/159/4260913001/36394/dfecbc6d/583e9638N552af568.jpg','.jpg',160,160);
INSERT INTO `t_meeting_info` (`id`,`begin_time`,`publish_time`,`title`,`sign_amount`,`signout_amount`,`enterprise_id`,`orgl_id`,`publish_username`,`take_time`,`content`,`location_id`,`sign_scope`,`del`,`status`,`publish_status`)VALUES(16010000000009,20161222091724,20161221172724,'元旦放假-2017i77',10,5,1110000000001,10001,'张老师',150,'Lorem ipsum dolor sit amet, consectetur adipiscing elit. Aenean euismod bibendum laoreet. Proin gravida dolor sit amet lacus accumsan et viverra justo commodo. Proin sodales pulvinar tempor. Cum sociis natoque penatibus et magnis dis parturient montes, nascetur ridiculus mus. Nam fermentum, nulla luctus pharetra vulputate, felis tellus mollis orci, sed rhoncus sapien nunc eget odio.',20010000004001,500,0,0,2);
INSERT INTO `t_meeting_personal_info` (`cust_id`,`meeting_id`,`sign`,`sign_time`,`sign_address`,`sign_out`,`signout_time`,`signout_address`) VALUES (4010000005067,16010000000009,0,20161222063224,'',0,20161222043724,'');
INSERT INTO `t_meeting_personal_info` (`cust_id`,`meeting_id`,`sign`,`sign_time`,`sign_address`,`sign_out`,`signout_time`,`signout_address`) VALUES (4010000005031,16010000000009,0,20161222063224,'',0,20161222043724,'');
INSERT INTO `t_meeting_personal_info` (`cust_id`,`meeting_id`,`sign`,`sign_time`,`sign_address`,`sign_out`,`signout_time`,`signout_address`) VALUES (4010000005057,16010000000009,0,20161222063224,'',0,20161222043724,'');
INSERT INTO `t_sys_file_info` (`add_time`,`node_id`,`obj_id`,`photokey`,`type`,`file_url`,`file_pxf`,`width`,`height`)VALUES (20161216145600,1,16010000000009,'https://img11.360buyimg.com/n2/jfs/t3136/159/4260913001/36394/dfecbc6d/583e9638N552af568.jpg',2,'https://img11.360buyimg.com/n2/jfs/t3136/159/4260913001/36394/dfecbc6d/583e9638N552af568.jpg','.jpg',160,160);
INSERT INTO `t_sys_file_info` (`add_time`,`node_id`,`obj_id`,`photokey`,`type`,`file_url`,`file_pxf`,`width`,`height`)VALUES (20161216145600,1,16010000000009,'https://m.360buyimg.com/mobilecms/jfs/t3709/22/2193681127/30145/39df1847/5849375eNf0ef1194.png',2,'https://m.360buyimg.com/mobilecms/jfs/t3709/22/2193681127/30145/39df1847/5849375eNf0ef1194.png','.png',160,160);
INSERT INTO `t_sys_file_info` (`add_time`,`node_id`,`obj_id`,`photokey`,`type`,`file_url`,`file_pxf`,`width`,`height`)VALUES (20161216145600,1,16010000000009,'https://img13.360buyimg.com/n2/jfs/t3802/139/1578218185/30208/d7158126/582c3293N0c49c7d2.jpg',2,'https://img13.360buyimg.com/n2/jfs/t3802/139/1578218185/30208/d7158126/582c3293N0c49c7d2.jpg','.jpg',160,160);
INSERT INTO `t_sys_file_info` (`add_time`,`node_id`,`obj_id`,`photokey`,`type`,`file_url`,`file_pxf`,`width`,`height`)VALUES (20161216145600,1,16010000000009,'https://img11.360buyimg.com/n2/jfs/t3643/47/2194531012/64734/267b2f05/58462c7bN2de7ca4a.jpg',2,'https://img11.360buyimg.com/n2/jfs/t3643/47/2194531012/64734/267b2f05/58462c7bN2de7ca4a.jpg','.jpg',160,160);
INSERT INTO `t_sys_file_info` (`add_time`,`node_id`,`obj_id`,`photokey`,`type`,`file_url`,`file_pxf`,`width`,`height`)VALUES (20161216145600,1,16010000000009,'https://img11.360buyimg.com/n2/jfs/t3136/159/4260913001/36394/dfecbc6d/583e9638N552af568.jpg',2,'https://img11.360buyimg.com/n2/jfs/t3136/159/4260913001/36394/dfecbc6d/583e9638N552af568.jpg','.jpg',160,160);
INSERT INTO `t_sys_file_info` (`add_time`,`node_id`,`obj_id`,`photokey`,`type`,`file_url`,`file_pxf`,`width`,`height`)VALUES (20161216145600,1,16010000000009,'https://img12.360buyimg.com/n2/jfs/t3574/268/2297671180/104880/c07ba5c/584a186eN99d0a125.jpg',2,'https://img12.360buyimg.com/n2/jfs/t3574/268/2297671180/104880/c07ba5c/584a186eN99d0a125.jpg','.jpg',160,160);
INSERT INTO `t_sys_file_info` (`add_time`,`node_id`,`obj_id`,`photokey`,`type`,`file_url`,`file_pxf`,`width`,`height`)VALUES (20161216145600,1,16010000000009,'http://img10.360buyimg.com/n7/jfs/t2923/42/912895852/46378/d4af2dcf/576cb32bNc73fb820.jpg',2,'http://img10.360buyimg.com/n7/jfs/t2923/42/912895852/46378/d4af2dcf/576cb32bNc73fb820.jpg','.jpg',160,160);
INSERT INTO `t_meeting_info` (`id`,`begin_time`,`publish_time`,`title`,`sign_amount`,`signout_amount`,`enterprise_id`,`orgl_id`,`publish_username`,`take_time`,`content`,`location_id`,`sign_scope`,`del`,`status`,`publish_status`)VALUES(16010000000010,20161222085724,20161221162724,'元旦放假-2017i88',10,5,1110000000001,10001,'张老师',150,'Lorem ipsum dolor sit amet, consectetur adipiscing elit. Aenean euismod bibendum laoreet. Proin gravida dolor sit amet lacus accumsan et viverra justo commodo. Proin sodales pulvinar tempor. Cum sociis natoque penatibus et magnis dis parturient montes, nascetur ridiculus mus. Nam fermentum, nulla luctus pharetra vulputate, felis tellus mollis orci, sed rhoncus sapien nunc eget odio.',20010000004001,500,0,0,2);
INSERT INTO `t_meeting_personal_info` (`cust_id`,`meeting_id`,`sign`,`sign_time`,`sign_address`,`sign_out`,`signout_time`,`signout_address`) VALUES (4010000005067,16010000000010,0,20161222061224,'',0,20161222041724,'');
INSERT INTO `t_meeting_personal_info` (`cust_id`,`meeting_id`,`sign`,`sign_time`,`sign_address`,`sign_out`,`signout_time`,`signout_address`) VALUES (4010000005031,16010000000010,0,20161222061224,'',0,20161222041724,'');
INSERT INTO `t_meeting_personal_info` (`cust_id`,`meeting_id`,`sign`,`sign_time`,`sign_address`,`sign_out`,`signout_time`,`signout_address`) VALUES (4010000005057,16010000000010,0,20161222061224,'',0,20161222041724,'');
INSERT INTO `t_sys_file_info` (`add_time`,`node_id`,`obj_id`,`photokey`,`type`,`file_url`,`file_pxf`,`width`,`height`)VALUES (20161216145600,1,16010000000010,'https://img11.360buyimg.com/n2/jfs/t3136/159/4260913001/36394/dfecbc6d/583e9638N552af568.jpg',2,'https://img11.360buyimg.com/n2/jfs/t3136/159/4260913001/36394/dfecbc6d/583e9638N552af568.jpg','.jpg',160,160);
INSERT INTO `t_sys_file_info` (`add_time`,`node_id`,`obj_id`,`photokey`,`type`,`file_url`,`file_pxf`,`width`,`height`)VALUES (20161216145600,1,16010000000010,'https://m.360buyimg.com/mobilecms/jfs/t3709/22/2193681127/30145/39df1847/5849375eNf0ef1194.png',2,'https://m.360buyimg.com/mobilecms/jfs/t3709/22/2193681127/30145/39df1847/5849375eNf0ef1194.png','.png',160,160);
INSERT INTO `t_meeting_info` (`id`,`begin_time`,`publish_time`,`title`,`sign_amount`,`signout_amount`,`enterprise_id`,`orgl_id`,`publish_username`,`take_time`,`content`,`location_id`,`sign_scope`,`del`,`status`,`publish_status`)VALUES(16010000000011,20161222083724,20161221152724,'元旦放假-2017i99',10,5,1110000000001,10001,'张老师',150,'Lorem ipsum dolor sit amet, consectetur adipiscing elit. Aenean euismod bibendum laoreet. Proin gravida dolor sit amet lacus accumsan et viverra justo commodo. Proin sodales pulvinar tempor. Cum sociis natoque penatibus et magnis dis parturient montes, nascetur ridiculus mus. Nam fermentum, nulla luctus pharetra vulputate, felis tellus mollis orci, sed rhoncus sapien nunc eget odio.',20010000004001,500,0,0,2);
INSERT INTO `t_meeting_personal_info` (`cust_id`,`meeting_id`,`sign`,`sign_time`,`sign_address`,`sign_out`,`signout_time`,`signout_address`) VALUES (4010000005067,16010000000011,0,20161222055224,'',0,20161222035724,'');
INSERT INTO `t_meeting_personal_info` (`cust_id`,`meeting_id`,`sign`,`sign_time`,`sign_address`,`sign_out`,`signout_time`,`signout_address`) VALUES (4010000005031,16010000000011,0,20161222055224,'',0,20161222035724,'');
INSERT INTO `t_meeting_personal_info` (`cust_id`,`meeting_id`,`sign`,`sign_time`,`sign_address`,`sign_out`,`signout_time`,`signout_address`) VALUES (4010000005057,16010000000011,0,20161222055224,'',0,20161222035724,'');
INSERT INTO `t_sys_file_info` (`add_time`,`node_id`,`obj_id`,`photokey`,`type`,`file_url`,`file_pxf`,`width`,`height`)VALUES (20161216145600,1,16010000000011,'https://img11.360buyimg.com/n2/jfs/t3136/159/4260913001/36394/dfecbc6d/583e9638N552af568.jpg',2,'https://img11.360buyimg.com/n2/jfs/t3136/159/4260913001/36394/dfecbc6d/583e9638N552af568.jpg','.jpg',160,160);
INSERT INTO `t_sys_file_info` (`add_time`,`node_id`,`obj_id`,`photokey`,`type`,`file_url`,`file_pxf`,`width`,`height`)VALUES (20161216145600,1,16010000000011,'https://m.360buyimg.com/mobilecms/jfs/t3709/22/2193681127/30145/39df1847/5849375eNf0ef1194.png',2,'https://m.360buyimg.com/mobilecms/jfs/t3709/22/2193681127/30145/39df1847/5849375eNf0ef1194.png','.png',160,160);
INSERT INTO `t_meeting_info` (`id`,`begin_time`,`publish_time`,`title`,`sign_amount`,`signout_amount`,`enterprise_id`,`orgl_id`,`publish_username`,`take_time`,`content`,`location_id`,`sign_scope`,`del`,`status`,`publish_status`)VALUES(16010000000012,20161222081724,20161221142724,'元旦放假-2017i1010',10,5,1110000000001,10001,'张老师',150,'Lorem ipsum dolor sit amet, consectetur adipiscing elit. Aenean euismod bibendum laoreet. Proin gravida dolor sit amet lacus accumsan et viverra justo commodo. Proin sodales pulvinar tempor. Cum sociis natoque penatibus et magnis dis parturient montes, nascetur ridiculus mus. Nam fermentum, nulla luctus pharetra vulputate, felis tellus mollis orci, sed rhoncus sapien nunc eget odio.',20010000004001,500,0,0,2);
INSERT INTO `t_meeting_personal_info` (`cust_id`,`meeting_id`,`sign`,`sign_time`,`sign_address`,`sign_out`,`signout_time`,`signout_address`) VALUES (4010000005067,16010000000012,0,20161222053224,'',0,20161222033724,'');
INSERT INTO `t_meeting_personal_info` (`cust_id`,`meeting_id`,`sign`,`sign_time`,`sign_address`,`sign_out`,`signout_time`,`signout_address`) VALUES (4010000005031,16010000000012,0,20161222053224,'',0,20161222033724,'');
INSERT INTO `t_meeting_personal_info` (`cust_id`,`meeting_id`,`sign`,`sign_time`,`sign_address`,`sign_out`,`signout_time`,`signout_address`) VALUES (4010000005057,16010000000012,0,20161222053224,'',0,20161222033724,'');
INSERT INTO `t_meeting_info` (`id`,`begin_time`,`publish_time`,`title`,`sign_amount`,`signout_amount`,`enterprise_id`,`orgl_id`,`publish_username`,`take_time`,`content`,`location_id`,`sign_scope`,`del`,`status`,`publish_status`)VALUES(16010000000013,20161222075724,20161221132724,'元旦放假-2017i1111',10,5,1110000000001,10001,'张老师',150,'Lorem ipsum dolor sit amet, consectetur adipiscing elit. Aenean euismod bibendum laoreet. Proin gravida dolor sit amet lacus accumsan et viverra justo commodo. Proin sodales pulvinar tempor. Cum sociis natoque penatibus et magnis dis parturient montes, nascetur ridiculus mus. Nam fermentum, nulla luctus pharetra vulputate, felis tellus mollis orci, sed rhoncus sapien nunc eget odio.',20010000004001,500,0,0,2);
INSERT INTO `t_meeting_personal_info` (`cust_id`,`meeting_id`,`sign`,`sign_time`,`sign_address`,`sign_out`,`signout_time`,`signout_address`) VALUES (4010000005067,16010000000013,0,20161222051224,'',0,20161222031724,'');
INSERT INTO `t_meeting_personal_info` (`cust_id`,`meeting_id`,`sign`,`sign_time`,`sign_address`,`sign_out`,`signout_time`,`signout_address`) VALUES (4010000005031,16010000000013,0,20161222051224,'',0,20161222031724,'');
INSERT INTO `t_meeting_personal_info` (`cust_id`,`meeting_id`,`sign`,`sign_time`,`sign_address`,`sign_out`,`signout_time`,`signout_address`) VALUES (4010000005057,16010000000013,0,20161222051224,'',0,20161222031724,'');
INSERT INTO `t_sys_file_info` (`add_time`,`node_id`,`obj_id`,`photokey`,`type`,`file_url`,`file_pxf`,`width`,`height`)VALUES (20161216145600,1,16010000000013,'https://img11.360buyimg.com/n2/jfs/t3136/159/4260913001/36394/dfecbc6d/583e9638N552af568.jpg',2,'https://img11.360buyimg.com/n2/jfs/t3136/159/4260913001/36394/dfecbc6d/583e9638N552af568.jpg','.jpg',160,160);
INSERT INTO `t_meeting_info` (`id`,`begin_time`,`publish_time`,`title`,`sign_amount`,`signout_amount`,`enterprise_id`,`orgl_id`,`publish_username`,`take_time`,`content`,`location_id`,`sign_scope`,`del`,`status`,`publish_status`)VALUES(16010000000014,20161222073724,20161221122724,'元旦放假-2017i1212',10,5,1110000000001,10001,'张老师',150,'Lorem ipsum dolor sit amet, consectetur adipiscing elit. Aenean euismod bibendum laoreet. Proin gravida dolor sit amet lacus accumsan et viverra justo commodo. Proin sodales pulvinar tempor. Cum sociis natoque penatibus et magnis dis parturient montes, nascetur ridiculus mus. Nam fermentum, nulla luctus pharetra vulputate, felis tellus mollis orci, sed rhoncus sapien nunc eget odio.',20010000004001,500,0,0,2);
INSERT INTO `t_meeting_personal_info` (`cust_id`,`meeting_id`,`sign`,`sign_time`,`sign_address`,`sign_out`,`signout_time`,`signout_address`) VALUES (4010000005067,16010000000014,0,20161222045224,'',0,20161222025724,'');
INSERT INTO `t_meeting_personal_info` (`cust_id`,`meeting_id`,`sign`,`sign_time`,`sign_address`,`sign_out`,`signout_time`,`signout_address`) VALUES (4010000005031,16010000000014,0,20161222045224,'',0,20161222025724,'');
INSERT INTO `t_meeting_personal_info` (`cust_id`,`meeting_id`,`sign`,`sign_time`,`sign_address`,`sign_out`,`signout_time`,`signout_address`) VALUES (4010000005057,16010000000014,0,20161222045224,'',0,20161222025724,'');
INSERT INTO `t_meeting_info` (`id`,`begin_time`,`publish_time`,`title`,`sign_amount`,`signout_amount`,`enterprise_id`,`orgl_id`,`publish_username`,`take_time`,`content`,`location_id`,`sign_scope`,`del`,`status`,`publish_status`)VALUES(16010000000015,20161222071724,20161221112724,'元旦放假-2017i1313',10,5,1110000000001,10001,'张老师',150,'Lorem ipsum dolor sit amet, consectetur adipiscing elit. Aenean euismod bibendum laoreet. Proin gravida dolor sit amet lacus accumsan et viverra justo commodo. Proin sodales pulvinar tempor. Cum sociis natoque penatibus et magnis dis parturient montes, nascetur ridiculus mus. Nam fermentum, nulla luctus pharetra vulputate, felis tellus mollis orci, sed rhoncus sapien nunc eget odio.',20010000004001,500,0,0,2);
INSERT INTO `t_meeting_personal_info` (`cust_id`,`meeting_id`,`sign`,`sign_time`,`sign_address`,`sign_out`,`signout_time`,`signout_address`) VALUES (4010000005067,16010000000015,0,20161222043224,'',0,20161222023724,'');
INSERT INTO `t_meeting_personal_info` (`cust_id`,`meeting_id`,`sign`,`sign_time`,`sign_address`,`sign_out`,`signout_time`,`signout_address`) VALUES (4010000005031,16010000000015,0,20161222043224,'',0,20161222023724,'');
INSERT INTO `t_meeting_personal_info` (`cust_id`,`meeting_id`,`sign`,`sign_time`,`sign_address`,`sign_out`,`signout_time`,`signout_address`) VALUES (4010000005057,16010000000015,0,20161222043224,'',0,20161222023724,'');
INSERT INTO `t_sys_file_info` (`add_time`,`node_id`,`obj_id`,`photokey`,`type`,`file_url`,`file_pxf`,`width`,`height`)VALUES (20161216145600,1,16010000000015,'https://img11.360buyimg.com/n2/jfs/t3136/159/4260913001/36394/dfecbc6d/583e9638N552af568.jpg',2,'https://img11.360buyimg.com/n2/jfs/t3136/159/4260913001/36394/dfecbc6d/583e9638N552af568.jpg','.jpg',160,160);
INSERT INTO `t_sys_file_info` (`add_time`,`node_id`,`obj_id`,`photokey`,`type`,`file_url`,`file_pxf`,`width`,`height`)VALUES (20161216145600,1,16010000000015,'https://m.360buyimg.com/mobilecms/jfs/t3709/22/2193681127/30145/39df1847/5849375eNf0ef1194.png',2,'https://m.360buyimg.com/mobilecms/jfs/t3709/22/2193681127/30145/39df1847/5849375eNf0ef1194.png','.png',160,160);
INSERT INTO `t_meeting_info` (`id`,`begin_time`,`publish_time`,`title`,`sign_amount`,`signout_amount`,`enterprise_id`,`orgl_id`,`publish_username`,`take_time`,`content`,`location_id`,`sign_scope`,`del`,`status`,`publish_status`)VALUES(16010000000016,20161222065724,20161221102724,'元旦放假-2017i1414',10,5,1110000000001,10001,'张老师',150,'Lorem ipsum dolor sit amet, consectetur adipiscing elit. Aenean euismod bibendum laoreet. Proin gravida dolor sit amet lacus accumsan et viverra justo commodo. Proin sodales pulvinar tempor. Cum sociis natoque penatibus et magnis dis parturient montes, nascetur ridiculus mus. Nam fermentum, nulla luctus pharetra vulputate, felis tellus mollis orci, sed rhoncus sapien nunc eget odio.',20010000004001,500,0,0,2);
INSERT INTO `t_meeting_personal_info` (`cust_id`,`meeting_id`,`sign`,`sign_time`,`sign_address`,`sign_out`,`signout_time`,`signout_address`) VALUES (4010000005067,16010000000016,0,20161222041224,'',0,20161222021724,'');
INSERT INTO `t_meeting_personal_info` (`cust_id`,`meeting_id`,`sign`,`sign_time`,`sign_address`,`sign_out`,`signout_time`,`signout_address`) VALUES (4010000005031,16010000000016,0,20161222041224,'',0,20161222021724,'');
INSERT INTO `t_meeting_personal_info` (`cust_id`,`meeting_id`,`sign`,`sign_time`,`sign_address`,`sign_out`,`signout_time`,`signout_address`) VALUES (4010000005057,16010000000016,0,20161222041224,'',0,20161222021724,'');
INSERT INTO `t_sys_file_info` (`add_time`,`node_id`,`obj_id`,`photokey`,`type`,`file_url`,`file_pxf`,`width`,`height`)VALUES (20161216145600,1,16010000000016,'https://img11.360buyimg.com/n2/jfs/t3136/159/4260913001/36394/dfecbc6d/583e9638N552af568.jpg',2,'https://img11.360buyimg.com/n2/jfs/t3136/159/4260913001/36394/dfecbc6d/583e9638N552af568.jpg','.jpg',160,160);
INSERT INTO `t_sys_file_info` (`add_time`,`node_id`,`obj_id`,`photokey`,`type`,`file_url`,`file_pxf`,`width`,`height`)VALUES (20161216145600,1,16010000000016,'https://m.360buyimg.com/mobilecms/jfs/t3709/22/2193681127/30145/39df1847/5849375eNf0ef1194.png',2,'https://m.360buyimg.com/mobilecms/jfs/t3709/22/2193681127/30145/39df1847/5849375eNf0ef1194.png','.png',160,160);
INSERT INTO `t_sys_file_info` (`add_time`,`node_id`,`obj_id`,`photokey`,`type`,`file_url`,`file_pxf`,`width`,`height`)VALUES (20161216145600,1,16010000000016,'https://img13.360buyimg.com/n2/jfs/t3802/139/1578218185/30208/d7158126/582c3293N0c49c7d2.jpg',2,'https://img13.360buyimg.com/n2/jfs/t3802/139/1578218185/30208/d7158126/582c3293N0c49c7d2.jpg','.jpg',160,160);
INSERT INTO `t_meeting_info` (`id`,`begin_time`,`publish_time`,`title`,`sign_amount`,`signout_amount`,`enterprise_id`,`orgl_id`,`publish_username`,`take_time`,`content`,`location_id`,`sign_scope`,`del`,`status`,`publish_status`)VALUES(16010000000017,20161222063724,20161221092724,'元旦放假-2017i1515',10,5,1110000000001,10001,'张老师',150,'Lorem ipsum dolor sit amet, consectetur adipiscing elit. Aenean euismod bibendum laoreet. Proin gravida dolor sit amet lacus accumsan et viverra justo commodo. Proin sodales pulvinar tempor. Cum sociis natoque penatibus et magnis dis parturient montes, nascetur ridiculus mus. Nam fermentum, nulla luctus pharetra vulputate, felis tellus mollis orci, sed rhoncus sapien nunc eget odio.',20010000004001,500,0,0,2);
INSERT INTO `t_meeting_personal_info` (`cust_id`,`meeting_id`,`sign`,`sign_time`,`sign_address`,`sign_out`,`signout_time`,`signout_address`) VALUES (4010000005067,16010000000017,0,20161222035224,'',0,20161222015724,'');
INSERT INTO `t_meeting_personal_info` (`cust_id`,`meeting_id`,`sign`,`sign_time`,`sign_address`,`sign_out`,`signout_time`,`signout_address`) VALUES (4010000005031,16010000000017,0,20161222035224,'',0,20161222015724,'');
INSERT INTO `t_meeting_personal_info` (`cust_id`,`meeting_id`,`sign`,`sign_time`,`sign_address`,`sign_out`,`signout_time`,`signout_address`) VALUES (4010000005057,16010000000017,0,20161222035224,'',0,20161222015724,'');
INSERT INTO `t_sys_file_info` (`add_time`,`node_id`,`obj_id`,`photokey`,`type`,`file_url`,`file_pxf`,`width`,`height`)VALUES (20161216145600,1,16010000000017,'https://img11.360buyimg.com/n2/jfs/t3136/159/4260913001/36394/dfecbc6d/583e9638N552af568.jpg',2,'https://img11.360buyimg.com/n2/jfs/t3136/159/4260913001/36394/dfecbc6d/583e9638N552af568.jpg','.jpg',160,160);
INSERT INTO `t_meeting_info` (`id`,`begin_time`,`publish_time`,`title`,`sign_amount`,`signout_amount`,`enterprise_id`,`orgl_id`,`publish_username`,`take_time`,`content`,`location_id`,`sign_scope`,`del`,`status`,`publish_status`)VALUES(16010000000018,20161222061724,20161221082724,'元旦放假-2017i1616',10,5,1110000000001,10001,'张老师',150,'Lorem ipsum dolor sit amet, consectetur adipiscing elit. Aenean euismod bibendum laoreet. Proin gravida dolor sit amet lacus accumsan et viverra justo commodo. Proin sodales pulvinar tempor. Cum sociis natoque penatibus et magnis dis parturient montes, nascetur ridiculus mus. Nam fermentum, nulla luctus pharetra vulputate, felis tellus mollis orci, sed rhoncus sapien nunc eget odio.',20010000004001,500,0,0,2);
INSERT INTO `t_meeting_personal_info` (`cust_id`,`meeting_id`,`sign`,`sign_time`,`sign_address`,`sign_out`,`signout_time`,`signout_address`) VALUES (4010000005067,16010000000018,0,20161222033224,'',0,20161222013724,'');
INSERT INTO `t_meeting_personal_info` (`cust_id`,`meeting_id`,`sign`,`sign_time`,`sign_address`,`sign_out`,`signout_time`,`signout_address`) VALUES (4010000005031,16010000000018,0,20161222033224,'',0,20161222013724,'');
INSERT INTO `t_meeting_personal_info` (`cust_id`,`meeting_id`,`sign`,`sign_time`,`sign_address`,`sign_out`,`signout_time`,`signout_address`) VALUES (4010000005057,16010000000018,0,20161222033224,'',0,20161222013724,'');
INSERT INTO `t_sys_file_info` (`add_time`,`node_id`,`obj_id`,`photokey`,`type`,`file_url`,`file_pxf`,`width`,`height`)VALUES (20161216145600,1,16010000000018,'https://img11.360buyimg.com/n2/jfs/t3136/159/4260913001/36394/dfecbc6d/583e9638N552af568.jpg',2,'https://img11.360buyimg.com/n2/jfs/t3136/159/4260913001/36394/dfecbc6d/583e9638N552af568.jpg','.jpg',160,160);
INSERT INTO `t_sys_file_info` (`add_time`,`node_id`,`obj_id`,`photokey`,`type`,`file_url`,`file_pxf`,`width`,`height`)VALUES (20161216145600,1,16010000000018,'https://m.360buyimg.com/mobilecms/jfs/t3709/22/2193681127/30145/39df1847/5849375eNf0ef1194.png',2,'https://m.360buyimg.com/mobilecms/jfs/t3709/22/2193681127/30145/39df1847/5849375eNf0ef1194.png','.png',160,160);
INSERT INTO `t_meeting_info` (`id`,`begin_time`,`publish_time`,`title`,`sign_amount`,`signout_amount`,`enterprise_id`,`orgl_id`,`publish_username`,`take_time`,`content`,`location_id`,`sign_scope`,`del`,`status`,`publish_status`)VALUES(16010000000019,20161222055724,20161221072724,'元旦放假-2017i1717',10,5,1110000000001,10001,'张老师',150,'Lorem ipsum dolor sit amet, consectetur adipiscing elit. Aenean euismod bibendum laoreet. Proin gravida dolor sit amet lacus accumsan et viverra justo commodo. Proin sodales pulvinar tempor. Cum sociis natoque penatibus et magnis dis parturient montes, nascetur ridiculus mus. Nam fermentum, nulla luctus pharetra vulputate, felis tellus mollis orci, sed rhoncus sapien nunc eget odio.',20010000004001,500,0,0,2);
INSERT INTO `t_meeting_personal_info` (`cust_id`,`meeting_id`,`sign`,`sign_time`,`sign_address`,`sign_out`,`signout_time`,`signout_address`) VALUES (4010000005067,16010000000019,0,20161222031224,'',0,20161222011724,'');
INSERT INTO `t_meeting_personal_info` (`cust_id`,`meeting_id`,`sign`,`sign_time`,`sign_address`,`sign_out`,`signout_time`,`signout_address`) VALUES (4010000005031,16010000000019,0,20161222031224,'',0,20161222011724,'');
INSERT INTO `t_meeting_personal_info` (`cust_id`,`meeting_id`,`sign`,`sign_time`,`sign_address`,`sign_out`,`signout_time`,`signout_address`) VALUES (4010000005057,16010000000019,0,20161222031224,'',0,20161222011724,'');
INSERT INTO `t_sys_file_info` (`add_time`,`node_id`,`obj_id`,`photokey`,`type`,`file_url`,`file_pxf`,`width`,`height`)VALUES (20161216145600,1,16010000000019,'https://img11.360buyimg.com/n2/jfs/t3136/159/4260913001/36394/dfecbc6d/583e9638N552af568.jpg',2,'https://img11.360buyimg.com/n2/jfs/t3136/159/4260913001/36394/dfecbc6d/583e9638N552af568.jpg','.jpg',160,160);
INSERT INTO `t_sys_file_info` (`add_time`,`node_id`,`obj_id`,`photokey`,`type`,`file_url`,`file_pxf`,`width`,`height`)VALUES (20161216145600,1,16010000000019,'https://m.360buyimg.com/mobilecms/jfs/t3709/22/2193681127/30145/39df1847/5849375eNf0ef1194.png',2,'https://m.360buyimg.com/mobilecms/jfs/t3709/22/2193681127/30145/39df1847/5849375eNf0ef1194.png','.png',160,160);
INSERT INTO `t_meeting_info` (`id`,`begin_time`,`publish_time`,`title`,`sign_amount`,`signout_amount`,`enterprise_id`,`orgl_id`,`publish_username`,`take_time`,`content`,`location_id`,`sign_scope`,`del`,`status`,`publish_status`)VALUES(16010000000020,20161222053724,20161221062724,'元旦放假-2017i1818',10,5,1110000000001,10001,'张老师',150,'Lorem ipsum dolor sit amet, consectetur adipiscing elit. Aenean euismod bibendum laoreet. Proin gravida dolor sit amet lacus accumsan et viverra justo commodo. Proin sodales pulvinar tempor. Cum sociis natoque penatibus et magnis dis parturient montes, nascetur ridiculus mus. Nam fermentum, nulla luctus pharetra vulputate, felis tellus mollis orci, sed rhoncus sapien nunc eget odio.',20010000004001,500,0,0,2);
INSERT INTO `t_meeting_personal_info` (`cust_id`,`meeting_id`,`sign`,`sign_time`,`sign_address`,`sign_out`,`signout_time`,`signout_address`) VALUES (4010000005067,16010000000020,0,20161222025224,'',0,20161222005724,'');
INSERT INTO `t_meeting_personal_info` (`cust_id`,`meeting_id`,`sign`,`sign_time`,`sign_address`,`sign_out`,`signout_time`,`signout_address`) VALUES (4010000005031,16010000000020,0,20161222025224,'',0,20161222005724,'');
INSERT INTO `t_meeting_personal_info` (`cust_id`,`meeting_id`,`sign`,`sign_time`,`sign_address`,`sign_out`,`signout_time`,`signout_address`) VALUES (4010000005057,16010000000020,0,20161222025224,'',0,20161222005724,'');
INSERT INTO `t_sys_file_info` (`add_time`,`node_id`,`obj_id`,`photokey`,`type`,`file_url`,`file_pxf`,`width`,`height`)VALUES (20161216145600,1,16010000000020,'https://img11.360buyimg.com/n2/jfs/t3136/159/4260913001/36394/dfecbc6d/583e9638N552af568.jpg',2,'https://img11.360buyimg.com/n2/jfs/t3136/159/4260913001/36394/dfecbc6d/583e9638N552af568.jpg','.jpg',160,160);
INSERT INTO `t_meeting_info` (`id`,`begin_time`,`publish_time`,`title`,`sign_amount`,`signout_amount`,`enterprise_id`,`orgl_id`,`publish_username`,`take_time`,`content`,`location_id`,`sign_scope`,`del`,`status`,`publish_status`)VALUES(16010000000021,20161222051724,20161221052724,'元旦放假-2017i1919',10,5,1110000000001,10001,'张老师',150,'Lorem ipsum dolor sit amet, consectetur adipiscing elit. Aenean euismod bibendum laoreet. Proin gravida dolor sit amet lacus accumsan et viverra justo commodo. Proin sodales pulvinar tempor. Cum sociis natoque penatibus et magnis dis parturient montes, nascetur ridiculus mus. Nam fermentum, nulla luctus pharetra vulputate, felis tellus mollis orci, sed rhoncus sapien nunc eget odio.',20010000004001,500,0,0,2);
INSERT INTO `t_meeting_personal_info` (`cust_id`,`meeting_id`,`sign`,`sign_time`,`sign_address`,`sign_out`,`signout_time`,`signout_address`) VALUES (4010000005067,16010000000021,0,20161222023224,'',0,20161222003724,'');
INSERT INTO `t_meeting_personal_info` (`cust_id`,`meeting_id`,`sign`,`sign_time`,`sign_address`,`sign_out`,`signout_time`,`signout_address`) VALUES (4010000005031,16010000000021,0,20161222023224,'',0,20161222003724,'');
INSERT INTO `t_meeting_personal_info` (`cust_id`,`meeting_id`,`sign`,`sign_time`,`sign_address`,`sign_out`,`signout_time`,`signout_address`) VALUES (4010000005057,16010000000021,0,20161222023224,'',0,20161222003724,'');
INSERT INTO `t_sys_file_info` (`add_time`,`node_id`,`obj_id`,`photokey`,`type`,`file_url`,`file_pxf`,`width`,`height`)VALUES (20161216145600,1,16010000000021,'https://img11.360buyimg.com/n2/jfs/t3136/159/4260913001/36394/dfecbc6d/583e9638N552af568.jpg',2,'https://img11.360buyimg.com/n2/jfs/t3136/159/4260913001/36394/dfecbc6d/583e9638N552af568.jpg','.jpg',160,160);
INSERT INTO `t_sys_file_info` (`add_time`,`node_id`,`obj_id`,`photokey`,`type`,`file_url`,`file_pxf`,`width`,`height`)VALUES (20161216145600,1,16010000000021,'https://m.360buyimg.com/mobilecms/jfs/t3709/22/2193681127/30145/39df1847/5849375eNf0ef1194.png',2,'https://m.360buyimg.com/mobilecms/jfs/t3709/22/2193681127/30145/39df1847/5849375eNf0ef1194.png','.png',160,160);
INSERT INTO `t_sys_file_info` (`add_time`,`node_id`,`obj_id`,`photokey`,`type`,`file_url`,`file_pxf`,`width`,`height`)VALUES (20161216145600,1,16010000000021,'https://img13.360buyimg.com/n2/jfs/t3802/139/1578218185/30208/d7158126/582c3293N0c49c7d2.jpg',2,'https://img13.360buyimg.com/n2/jfs/t3802/139/1578218185/30208/d7158126/582c3293N0c49c7d2.jpg','.jpg',160,160);
INSERT INTO `t_meeting_info` (`id`,`begin_time`,`publish_time`,`title`,`sign_amount`,`signout_amount`,`enterprise_id`,`orgl_id`,`publish_username`,`take_time`,`content`,`location_id`,`sign_scope`,`del`,`status`,`publish_status`)VALUES(16010000000022,20161222045724,20161221042724,'元旦放假-2017i2020',10,5,1110000000001,10001,'张老师',150,'Lorem ipsum dolor sit amet, consectetur adipiscing elit. Aenean euismod bibendum laoreet. Proin gravida dolor sit amet lacus accumsan et viverra justo commodo. Proin sodales pulvinar tempor. Cum sociis natoque penatibus et magnis dis parturient montes, nascetur ridiculus mus. Nam fermentum, nulla luctus pharetra vulputate, felis tellus mollis orci, sed rhoncus sapien nunc eget odio.',20010000004001,500,0,0,2);
INSERT INTO `t_meeting_personal_info` (`cust_id`,`meeting_id`,`sign`,`sign_time`,`sign_address`,`sign_out`,`signout_time`,`signout_address`) VALUES (4010000005067,16010000000022,0,20161222021224,'',0,20161222001724,'');
INSERT INTO `t_meeting_personal_info` (`cust_id`,`meeting_id`,`sign`,`sign_time`,`sign_address`,`sign_out`,`signout_time`,`signout_address`) VALUES (4010000005031,16010000000022,0,20161222021224,'',0,20161222001724,'');
INSERT INTO `t_meeting_personal_info` (`cust_id`,`meeting_id`,`sign`,`sign_time`,`sign_address`,`sign_out`,`signout_time`,`signout_address`) VALUES (4010000005057,16010000000022,0,20161222021224,'',0,20161222001724,'');
INSERT INTO `t_sys_file_info` (`add_time`,`node_id`,`obj_id`,`photokey`,`type`,`file_url`,`file_pxf`,`width`,`height`)VALUES (20161216145600,1,16010000000022,'https://img11.360buyimg.com/n2/jfs/t3136/159/4260913001/36394/dfecbc6d/583e9638N552af568.jpg',2,'https://img11.360buyimg.com/n2/jfs/t3136/159/4260913001/36394/dfecbc6d/583e9638N552af568.jpg','.jpg',160,160);
INSERT INTO `t_sys_file_info` (`add_time`,`node_id`,`obj_id`,`photokey`,`type`,`file_url`,`file_pxf`,`width`,`height`)VALUES (20161216145600,1,16010000000022,'https://m.360buyimg.com/mobilecms/jfs/t3709/22/2193681127/30145/39df1847/5849375eNf0ef1194.png',2,'https://m.360buyimg.com/mobilecms/jfs/t3709/22/2193681127/30145/39df1847/5849375eNf0ef1194.png','.png',160,160);
INSERT INTO `t_meeting_info` (`id`,`begin_time`,`publish_time`,`title`,`sign_amount`,`signout_amount`,`enterprise_id`,`orgl_id`,`publish_username`,`take_time`,`content`,`location_id`,`sign_scope`,`del`,`status`,`publish_status`)VALUES(16010000000023,20161222043724,20161221032724,'元旦放假-2017i2121',10,5,1110000000001,10001,'张老师',150,'Lorem ipsum dolor sit amet, consectetur adipiscing elit. Aenean euismod bibendum laoreet. Proin gravida dolor sit amet lacus accumsan et viverra justo commodo. Proin sodales pulvinar tempor. Cum sociis natoque penatibus et magnis dis parturient montes, nascetur ridiculus mus. Nam fermentum, nulla luctus pharetra vulputate, felis tellus mollis orci, sed rhoncus sapien nunc eget odio.',20010000004001,500,0,0,2);
INSERT INTO `t_meeting_personal_info` (`cust_id`,`meeting_id`,`sign`,`sign_time`,`sign_address`,`sign_out`,`signout_time`,`signout_address`) VALUES (4010000005067,16010000000023,0,20161222015224,'',0,20161221235724,'');
INSERT INTO `t_meeting_personal_info` (`cust_id`,`meeting_id`,`sign`,`sign_time`,`sign_address`,`sign_out`,`signout_time`,`signout_address`) VALUES (4010000005031,16010000000023,0,20161222015224,'',0,20161221235724,'');
INSERT INTO `t_meeting_personal_info` (`cust_id`,`meeting_id`,`sign`,`sign_time`,`sign_address`,`sign_out`,`signout_time`,`signout_address`) VALUES (4010000005057,16010000000023,0,20161222015224,'',0,20161221235724,'');
INSERT INTO `t_sys_file_info` (`add_time`,`node_id`,`obj_id`,`photokey`,`type`,`file_url`,`file_pxf`,`width`,`height`)VALUES (20161216145600,1,16010000000023,'https://img11.360buyimg.com/n2/jfs/t3136/159/4260913001/36394/dfecbc6d/583e9638N552af568.jpg',2,'https://img11.360buyimg.com/n2/jfs/t3136/159/4260913001/36394/dfecbc6d/583e9638N552af568.jpg','.jpg',160,160);
INSERT INTO `t_sys_file_info` (`add_time`,`node_id`,`obj_id`,`photokey`,`type`,`file_url`,`file_pxf`,`width`,`height`)VALUES (20161216145600,1,16010000000023,'https://m.360buyimg.com/mobilecms/jfs/t3709/22/2193681127/30145/39df1847/5849375eNf0ef1194.png',2,'https://m.360buyimg.com/mobilecms/jfs/t3709/22/2193681127/30145/39df1847/5849375eNf0ef1194.png','.png',160,160);
INSERT INTO `t_sys_file_info` (`add_time`,`node_id`,`obj_id`,`photokey`,`type`,`file_url`,`file_pxf`,`width`,`height`)VALUES (20161216145600,1,16010000000023,'https://img13.360buyimg.com/n2/jfs/t3802/139/1578218185/30208/d7158126/582c3293N0c49c7d2.jpg',2,'https://img13.360buyimg.com/n2/jfs/t3802/139/1578218185/30208/d7158126/582c3293N0c49c7d2.jpg','.jpg',160,160);
INSERT INTO `t_meeting_info` (`id`,`begin_time`,`publish_time`,`title`,`sign_amount`,`signout_amount`,`enterprise_id`,`orgl_id`,`publish_username`,`take_time`,`content`,`location_id`,`sign_scope`,`del`,`status`,`publish_status`)VALUES(16010000000024,20161222041724,20161221022724,'元旦放假-2017i2222',10,5,1110000000001,10001,'张老师',150,'Lorem ipsum dolor sit amet, consectetur adipiscing elit. Aenean euismod bibendum laoreet. Proin gravida dolor sit amet lacus accumsan et viverra justo commodo. Proin sodales pulvinar tempor. Cum sociis natoque penatibus et magnis dis parturient montes, nascetur ridiculus mus. Nam fermentum, nulla luctus pharetra vulputate, felis tellus mollis orci, sed rhoncus sapien nunc eget odio.',20010000004001,500,0,0,2);
INSERT INTO `t_meeting_personal_info` (`cust_id`,`meeting_id`,`sign`,`sign_time`,`sign_address`,`sign_out`,`signout_time`,`signout_address`) VALUES (4010000005067,16010000000024,0,20161222013224,'',0,20161221233724,'');
INSERT INTO `t_meeting_personal_info` (`cust_id`,`meeting_id`,`sign`,`sign_time`,`sign_address`,`sign_out`,`signout_time`,`signout_address`) VALUES (4010000005031,16010000000024,0,20161222013224,'',0,20161221233724,'');
INSERT INTO `t_meeting_personal_info` (`cust_id`,`meeting_id`,`sign`,`sign_time`,`sign_address`,`sign_out`,`signout_time`,`signout_address`) VALUES (4010000005057,16010000000024,0,20161222013224,'',0,20161221233724,'');
INSERT INTO `t_sys_file_info` (`add_time`,`node_id`,`obj_id`,`photokey`,`type`,`file_url`,`file_pxf`,`width`,`height`)VALUES (20161216145600,1,16010000000024,'https://img11.360buyimg.com/n2/jfs/t3136/159/4260913001/36394/dfecbc6d/583e9638N552af568.jpg',2,'https://img11.360buyimg.com/n2/jfs/t3136/159/4260913001/36394/dfecbc6d/583e9638N552af568.jpg','.jpg',160,160);
INSERT INTO `t_sys_file_info` (`add_time`,`node_id`,`obj_id`,`photokey`,`type`,`file_url`,`file_pxf`,`width`,`height`)VALUES (20161216145600,1,16010000000024,'https://m.360buyimg.com/mobilecms/jfs/t3709/22/2193681127/30145/39df1847/5849375eNf0ef1194.png',2,'https://m.360buyimg.com/mobilecms/jfs/t3709/22/2193681127/30145/39df1847/5849375eNf0ef1194.png','.png',160,160);
INSERT INTO `t_sys_file_info` (`add_time`,`node_id`,`obj_id`,`photokey`,`type`,`file_url`,`file_pxf`,`width`,`height`)VALUES (20161216145600,1,16010000000024,'https://img13.360buyimg.com/n2/jfs/t3802/139/1578218185/30208/d7158126/582c3293N0c49c7d2.jpg',2,'https://img13.360buyimg.com/n2/jfs/t3802/139/1578218185/30208/d7158126/582c3293N0c49c7d2.jpg','.jpg',160,160);
INSERT INTO `t_meeting_info` (`id`,`begin_time`,`publish_time`,`title`,`sign_amount`,`signout_amount`,`enterprise_id`,`orgl_id`,`publish_username`,`take_time`,`content`,`location_id`,`sign_scope`,`del`,`status`,`publish_status`)VALUES(16010000000025,20161222035724,20161221012724,'元旦放假-2017i2323',10,5,1110000000001,10001,'张老师',150,'Lorem ipsum dolor sit amet, consectetur adipiscing elit. Aenean euismod bibendum laoreet. Proin gravida dolor sit amet lacus accumsan et viverra justo commodo. Proin sodales pulvinar tempor. Cum sociis natoque penatibus et magnis dis parturient montes, nascetur ridiculus mus. Nam fermentum, nulla luctus pharetra vulputate, felis tellus mollis orci, sed rhoncus sapien nunc eget odio.',20010000004001,500,0,0,2);
INSERT INTO `t_meeting_personal_info` (`cust_id`,`meeting_id`,`sign`,`sign_time`,`sign_address`,`sign_out`,`signout_time`,`signout_address`) VALUES (4010000005067,16010000000025,0,20161222011224,'',0,20161221231724,'');
INSERT INTO `t_meeting_personal_info` (`cust_id`,`meeting_id`,`sign`,`sign_time`,`sign_address`,`sign_out`,`signout_time`,`signout_address`) VALUES (4010000005031,16010000000025,0,20161222011224,'',0,20161221231724,'');
INSERT INTO `t_meeting_personal_info` (`cust_id`,`meeting_id`,`sign`,`sign_time`,`sign_address`,`sign_out`,`signout_time`,`signout_address`) VALUES (4010000005057,16010000000025,0,20161222011224,'',0,20161221231724,'');
INSERT INTO `t_sys_file_info` (`add_time`,`node_id`,`obj_id`,`photokey`,`type`,`file_url`,`file_pxf`,`width`,`height`)VALUES (20161216145600,1,16010000000025,'https://img11.360buyimg.com/n2/jfs/t3136/159/4260913001/36394/dfecbc6d/583e9638N552af568.jpg',2,'https://img11.360buyimg.com/n2/jfs/t3136/159/4260913001/36394/dfecbc6d/583e9638N552af568.jpg','.jpg',160,160);
INSERT INTO `t_sys_file_info` (`add_time`,`node_id`,`obj_id`,`photokey`,`type`,`file_url`,`file_pxf`,`width`,`height`)VALUES (20161216145600,1,16010000000025,'https://m.360buyimg.com/mobilecms/jfs/t3709/22/2193681127/30145/39df1847/5849375eNf0ef1194.png',2,'https://m.360buyimg.com/mobilecms/jfs/t3709/22/2193681127/30145/39df1847/5849375eNf0ef1194.png','.png',160,160);
INSERT INTO `t_sys_file_info` (`add_time`,`node_id`,`obj_id`,`photokey`,`type`,`file_url`,`file_pxf`,`width`,`height`)VALUES (20161216145600,1,16010000000025,'https://img13.360buyimg.com/n2/jfs/t3802/139/1578218185/30208/d7158126/582c3293N0c49c7d2.jpg',2,'https://img13.360buyimg.com/n2/jfs/t3802/139/1578218185/30208/d7158126/582c3293N0c49c7d2.jpg','.jpg',160,160);
INSERT INTO `t_meeting_info` (`id`,`begin_time`,`publish_time`,`title`,`sign_amount`,`signout_amount`,`enterprise_id`,`orgl_id`,`publish_username`,`take_time`,`content`,`location_id`,`sign_scope`,`del`,`status`,`publish_status`)VALUES(16010000000026,20161222033724,20161221002724,'元旦放假-2017i2424',10,5,1110000000001,10001,'张老师',150,'Lorem ipsum dolor sit amet, consectetur adipiscing elit. Aenean euismod bibendum laoreet. Proin gravida dolor sit amet lacus accumsan et viverra justo commodo. Proin sodales pulvinar tempor. Cum sociis natoque penatibus et magnis dis parturient montes, nascetur ridiculus mus. Nam fermentum, nulla luctus pharetra vulputate, felis tellus mollis orci, sed rhoncus sapien nunc eget odio.',20010000004001,500,0,0,2);
INSERT INTO `t_meeting_personal_info` (`cust_id`,`meeting_id`,`sign`,`sign_time`,`sign_address`,`sign_out`,`signout_time`,`signout_address`) VALUES (4010000005067,16010000000026,0,20161222005224,'',0,20161221225724,'');
INSERT INTO `t_meeting_personal_info` (`cust_id`,`meeting_id`,`sign`,`sign_time`,`sign_address`,`sign_out`,`signout_time`,`signout_address`) VALUES (4010000005031,16010000000026,0,20161222005224,'',0,20161221225724,'');
INSERT INTO `t_meeting_personal_info` (`cust_id`,`meeting_id`,`sign`,`sign_time`,`sign_address`,`sign_out`,`signout_time`,`signout_address`) VALUES (4010000005057,16010000000026,0,20161222005224,'',0,20161221225724,'');