INSERT INTO `t_meeting_info` (`id`,`begin_time`,`publish_time`,`title`,`sign_amount`,`signout_amount`,`enterprise_id`,`orgl_id`,`publish_username`,`take_time`,`content`,`location_id`,`sign_scope`,`del`,`status`,`publish_status`)VALUES(16010000000341,20161226173853,20161226062853,'元旦放假-2017.00',10,5,1110000000001,10001,'张老师',150,'Lorem ipsum dolor sit amet, consectetur adipiscing elit. Aenean euismod bibendum laoreet. Proin gravida dolor sit amet lacus accumsan et viverra justo commodo. Proin sodales pulvinar tempor. Cum sociis natoque penatibus et magnis dis parturient montes, nascetur ridiculus mus. Nam fermentum, nulla luctus pharetra vulputate, felis tellus mollis orci, sed rhoncus sapien nunc eget odio.',20010000004001,500,0,0,2);
INSERT INTO `t_meeting_personal_info` (`cust_id`,`meeting_id`,`sign`,`sign_time`,`sign_address`,`sign_out`,`signout_time`,`signout_address`) VALUES (4010000005067,16010000000341,0,20161226145353,'',0,20161226125853,'');
INSERT INTO `t_meeting_personal_info` (`cust_id`,`meeting_id`,`sign`,`sign_time`,`sign_address`,`sign_out`,`signout_time`,`signout_address`) VALUES (4010000005031,16010000000341,0,20161226145353,'',0,20161226125853,'');
INSERT INTO `t_meeting_personal_info` (`cust_id`,`meeting_id`,`sign`,`sign_time`,`sign_address`,`sign_out`,`signout_time`,`signout_address`) VALUES (4010000005057,16010000000341,0,20161226145353,'',0,20161226125853,'');
INSERT INTO `t_sys_file_info` (`add_time`,`node_id`,`obj_id`,`photokey`,`type`,`file_url`,`file_pxf`,`width`,`height`)VALUES (20161216145600,1,16010000000341,'https://img11.360buyimg.com/n2/jfs/t3136/159/4260913001/36394/dfecbc6d/583e9638N552af568.jpg',2,'https://img11.360buyimg.com/n2/jfs/t3136/159/4260913001/36394/dfecbc6d/583e9638N552af568.jpg','.jpg',160,160);
INSERT INTO `t_sys_file_info` (`add_time`,`node_id`,`obj_id`,`photokey`,`type`,`file_url`,`file_pxf`,`width`,`height`)VALUES (20161216145600,1,16010000000341,'https://m.360buyimg.com/mobilecms/jfs/t3709/22/2193681127/30145/39df1847/5849375eNf0ef1194.png',2,'https://m.360buyimg.com/mobilecms/jfs/t3709/22/2193681127/30145/39df1847/5849375eNf0ef1194.png','.png',160,160);
INSERT INTO `t_sys_file_info` (`add_time`,`node_id`,`obj_id`,`photokey`,`type`,`file_url`,`file_pxf`,`width`,`height`)VALUES (20161216145600,1,16010000000341,'https://img13.360buyimg.com/n2/jfs/t3802/139/1578218185/30208/d7158126/582c3293N0c49c7d2.jpg',2,'https://img13.360buyimg.com/n2/jfs/t3802/139/1578218185/30208/d7158126/582c3293N0c49c7d2.jpg','.jpg',160,160);
INSERT INTO `t_sys_file_info` (`add_time`,`node_id`,`obj_id`,`photokey`,`type`,`file_url`,`file_pxf`,`width`,`height`)VALUES (20161216145600,1,16010000000341,'https://img11.360buyimg.com/n2/jfs/t3643/47/2194531012/64734/267b2f05/58462c7bN2de7ca4a.jpg',2,'https://img11.360buyimg.com/n2/jfs/t3643/47/2194531012/64734/267b2f05/58462c7bN2de7ca4a.jpg','.jpg',160,160);
INSERT INTO `t_sys_file_info` (`add_time`,`node_id`,`obj_id`,`photokey`,`type`,`file_url`,`file_pxf`,`width`,`height`)VALUES (20161216145600,1,16010000000341,'https://img11.360buyimg.com/n2/jfs/t3136/159/4260913001/36394/dfecbc6d/583e9638N552af568.jpg',2,'https://img11.360buyimg.com/n2/jfs/t3136/159/4260913001/36394/dfecbc6d/583e9638N552af568.jpg','.jpg',160,160);
INSERT INTO `t_sys_file_info` (`add_time`,`node_id`,`obj_id`,`photokey`,`type`,`file_url`,`file_pxf`,`width`,`height`)VALUES (20161216145600,1,16010000000341,'https://img12.360buyimg.com/n2/jfs/t3574/268/2297671180/104880/c07ba5c/584a186eN99d0a125.jpg',2,'https://img12.360buyimg.com/n2/jfs/t3574/268/2297671180/104880/c07ba5c/584a186eN99d0a125.jpg','.jpg',160,160);
INSERT INTO `t_meeting_info` (`id`,`begin_time`,`publish_time`,`title`,`sign_amount`,`signout_amount`,`enterprise_id`,`orgl_id`,`publish_username`,`take_time`,`content`,`location_id`,`sign_scope`,`del`,`status`,`publish_status`)VALUES(16010000000342,20161226171853,20161226052853,'元旦放假-2017.11',10,5,1110000000001,10001,'张老师',150,'Lorem ipsum dolor sit amet, consectetur adipiscing elit. Aenean euismod bibendum laoreet. Proin gravida dolor sit amet lacus accumsan et viverra justo commodo. Proin sodales pulvinar tempor. Cum sociis natoque penatibus et magnis dis parturient montes, nascetur ridiculus mus. Nam fermentum, nulla luctus pharetra vulputate, felis tellus mollis orci, sed rhoncus sapien nunc eget odio.',20010000004001,500,0,0,2);
INSERT INTO `t_meeting_personal_info` (`cust_id`,`meeting_id`,`sign`,`sign_time`,`sign_address`,`sign_out`,`signout_time`,`signout_address`) VALUES (4010000005067,16010000000342,0,20161226143353,'',0,20161226123853,'');
INSERT INTO `t_meeting_personal_info` (`cust_id`,`meeting_id`,`sign`,`sign_time`,`sign_address`,`sign_out`,`signout_time`,`signout_address`) VALUES (4010000005031,16010000000342,0,20161226143353,'',0,20161226123853,'');
INSERT INTO `t_meeting_personal_info` (`cust_id`,`meeting_id`,`sign`,`sign_time`,`sign_address`,`sign_out`,`signout_time`,`signout_address`) VALUES (4010000005057,16010000000342,0,20161226143353,'',0,20161226123853,'');
INSERT INTO `t_sys_file_info` (`add_time`,`node_id`,`obj_id`,`photokey`,`type`,`file_url`,`file_pxf`,`width`,`height`)VALUES (20161216145600,1,16010000000342,'https://img11.360buyimg.com/n2/jfs/t3136/159/4260913001/36394/dfecbc6d/583e9638N552af568.jpg',2,'https://img11.360buyimg.com/n2/jfs/t3136/159/4260913001/36394/dfecbc6d/583e9638N552af568.jpg','.jpg',160,160);
INSERT INTO `t_sys_file_info` (`add_time`,`node_id`,`obj_id`,`photokey`,`type`,`file_url`,`file_pxf`,`width`,`height`)VALUES (20161216145600,1,16010000000342,'https://m.360buyimg.com/mobilecms/jfs/t3709/22/2193681127/30145/39df1847/5849375eNf0ef1194.png',2,'https://m.360buyimg.com/mobilecms/jfs/t3709/22/2193681127/30145/39df1847/5849375eNf0ef1194.png','.png',160,160);
INSERT INTO `t_sys_file_info` (`add_time`,`node_id`,`obj_id`,`photokey`,`type`,`file_url`,`file_pxf`,`width`,`height`)VALUES (20161216145600,1,16010000000342,'https://img13.360buyimg.com/n2/jfs/t3802/139/1578218185/30208/d7158126/582c3293N0c49c7d2.jpg',2,'https://img13.360buyimg.com/n2/jfs/t3802/139/1578218185/30208/d7158126/582c3293N0c49c7d2.jpg','.jpg',160,160);
INSERT INTO `t_sys_file_info` (`add_time`,`node_id`,`obj_id`,`photokey`,`type`,`file_url`,`file_pxf`,`width`,`height`)VALUES (20161216145600,1,16010000000342,'https://img11.360buyimg.com/n2/jfs/t3643/47/2194531012/64734/267b2f05/58462c7bN2de7ca4a.jpg',2,'https://img11.360buyimg.com/n2/jfs/t3643/47/2194531012/64734/267b2f05/58462c7bN2de7ca4a.jpg','.jpg',160,160);
INSERT INTO `t_sys_file_info` (`add_time`,`node_id`,`obj_id`,`photokey`,`type`,`file_url`,`file_pxf`,`width`,`height`)VALUES (20161216145600,1,16010000000342,'https://img11.360buyimg.com/n2/jfs/t3136/159/4260913001/36394/dfecbc6d/583e9638N552af568.jpg',2,'https://img11.360buyimg.com/n2/jfs/t3136/159/4260913001/36394/dfecbc6d/583e9638N552af568.jpg','.jpg',160,160);
INSERT INTO `t_sys_file_info` (`add_time`,`node_id`,`obj_id`,`photokey`,`type`,`file_url`,`file_pxf`,`width`,`height`)VALUES (20161216145600,1,16010000000342,'https://img12.360buyimg.com/n2/jfs/t3574/268/2297671180/104880/c07ba5c/584a186eN99d0a125.jpg',2,'https://img12.360buyimg.com/n2/jfs/t3574/268/2297671180/104880/c07ba5c/584a186eN99d0a125.jpg','.jpg',160,160);
INSERT INTO `t_meeting_info` (`id`,`begin_time`,`publish_time`,`title`,`sign_amount`,`signout_amount`,`enterprise_id`,`orgl_id`,`publish_username`,`take_time`,`content`,`location_id`,`sign_scope`,`del`,`status`,`publish_status`)VALUES(16010000000343,20161226165853,20161226042853,'元旦放假-2017.22',10,5,1110000000001,10001,'张老师',150,'Lorem ipsum dolor sit amet, consectetur adipiscing elit. Aenean euismod bibendum laoreet. Proin gravida dolor sit amet lacus accumsan et viverra justo commodo. Proin sodales pulvinar tempor. Cum sociis natoque penatibus et magnis dis parturient montes, nascetur ridiculus mus. Nam fermentum, nulla luctus pharetra vulputate, felis tellus mollis orci, sed rhoncus sapien nunc eget odio.',20010000004001,500,0,0,2);
INSERT INTO `t_meeting_personal_info` (`cust_id`,`meeting_id`,`sign`,`sign_time`,`sign_address`,`sign_out`,`signout_time`,`signout_address`) VALUES (4010000005067,16010000000343,0,20161226141353,'',0,20161226121853,'');
INSERT INTO `t_meeting_personal_info` (`cust_id`,`meeting_id`,`sign`,`sign_time`,`sign_address`,`sign_out`,`signout_time`,`signout_address`) VALUES (4010000005031,16010000000343,0,20161226141353,'',0,20161226121853,'');
INSERT INTO `t_meeting_personal_info` (`cust_id`,`meeting_id`,`sign`,`sign_time`,`sign_address`,`sign_out`,`signout_time`,`signout_address`) VALUES (4010000005057,16010000000343,0,20161226141353,'',0,20161226121853,'');
INSERT INTO `t_sys_file_info` (`add_time`,`node_id`,`obj_id`,`photokey`,`type`,`file_url`,`file_pxf`,`width`,`height`)VALUES (20161216145600,1,16010000000343,'https://img11.360buyimg.com/n2/jfs/t3136/159/4260913001/36394/dfecbc6d/583e9638N552af568.jpg',2,'https://img11.360buyimg.com/n2/jfs/t3136/159/4260913001/36394/dfecbc6d/583e9638N552af568.jpg','.jpg',160,160);
INSERT INTO `t_sys_file_info` (`add_time`,`node_id`,`obj_id`,`photokey`,`type`,`file_url`,`file_pxf`,`width`,`height`)VALUES (20161216145600,1,16010000000343,'https://m.360buyimg.com/mobilecms/jfs/t3709/22/2193681127/30145/39df1847/5849375eNf0ef1194.png',2,'https://m.360buyimg.com/mobilecms/jfs/t3709/22/2193681127/30145/39df1847/5849375eNf0ef1194.png','.png',160,160);
INSERT INTO `t_sys_file_info` (`add_time`,`node_id`,`obj_id`,`photokey`,`type`,`file_url`,`file_pxf`,`width`,`height`)VALUES (20161216145600,1,16010000000343,'https://img13.360buyimg.com/n2/jfs/t3802/139/1578218185/30208/d7158126/582c3293N0c49c7d2.jpg',2,'https://img13.360buyimg.com/n2/jfs/t3802/139/1578218185/30208/d7158126/582c3293N0c49c7d2.jpg','.jpg',160,160);
INSERT INTO `t_sys_file_info` (`add_time`,`node_id`,`obj_id`,`photokey`,`type`,`file_url`,`file_pxf`,`width`,`height`)VALUES (20161216145600,1,16010000000343,'https://img11.360buyimg.com/n2/jfs/t3643/47/2194531012/64734/267b2f05/58462c7bN2de7ca4a.jpg',2,'https://img11.360buyimg.com/n2/jfs/t3643/47/2194531012/64734/267b2f05/58462c7bN2de7ca4a.jpg','.jpg',160,160);
INSERT INTO `t_sys_file_info` (`add_time`,`node_id`,`obj_id`,`photokey`,`type`,`file_url`,`file_pxf`,`width`,`height`)VALUES (20161216145600,1,16010000000343,'https://img11.360buyimg.com/n2/jfs/t3136/159/4260913001/36394/dfecbc6d/583e9638N552af568.jpg',2,'https://img11.360buyimg.com/n2/jfs/t3136/159/4260913001/36394/dfecbc6d/583e9638N552af568.jpg','.jpg',160,160);
INSERT INTO `t_meeting_info` (`id`,`begin_time`,`publish_time`,`title`,`sign_amount`,`signout_amount`,`enterprise_id`,`orgl_id`,`publish_username`,`take_time`,`content`,`location_id`,`sign_scope`,`del`,`status`,`publish_status`)VALUES(16010000000344,20161226163853,20161226032853,'元旦放假-2017.33',10,5,1110000000001,10001,'张老师',150,'Lorem ipsum dolor sit amet, consectetur adipiscing elit. Aenean euismod bibendum laoreet. Proin gravida dolor sit amet lacus accumsan et viverra justo commodo. Proin sodales pulvinar tempor. Cum sociis natoque penatibus et magnis dis parturient montes, nascetur ridiculus mus. Nam fermentum, nulla luctus pharetra vulputate, felis tellus mollis orci, sed rhoncus sapien nunc eget odio.',20010000004001,500,0,0,2);
INSERT INTO `t_meeting_personal_info` (`cust_id`,`meeting_id`,`sign`,`sign_time`,`sign_address`,`sign_out`,`signout_time`,`signout_address`) VALUES (4010000005067,16010000000344,0,20161226135353,'',0,20161226115853,'');
INSERT INTO `t_meeting_personal_info` (`cust_id`,`meeting_id`,`sign`,`sign_time`,`sign_address`,`sign_out`,`signout_time`,`signout_address`) VALUES (4010000005031,16010000000344,0,20161226135353,'',0,20161226115853,'');
INSERT INTO `t_meeting_personal_info` (`cust_id`,`meeting_id`,`sign`,`sign_time`,`sign_address`,`sign_out`,`signout_time`,`signout_address`) VALUES (4010000005057,16010000000344,0,20161226135353,'',0,20161226115853,'');
INSERT INTO `t_sys_file_info` (`add_time`,`node_id`,`obj_id`,`photokey`,`type`,`file_url`,`file_pxf`,`width`,`height`)VALUES (20161216145600,1,16010000000344,'https://img11.360buyimg.com/n2/jfs/t3136/159/4260913001/36394/dfecbc6d/583e9638N552af568.jpg',2,'https://img11.360buyimg.com/n2/jfs/t3136/159/4260913001/36394/dfecbc6d/583e9638N552af568.jpg','.jpg',160,160);
INSERT INTO `t_sys_file_info` (`add_time`,`node_id`,`obj_id`,`photokey`,`type`,`file_url`,`file_pxf`,`width`,`height`)VALUES (20161216145600,1,16010000000344,'https://m.360buyimg.com/mobilecms/jfs/t3709/22/2193681127/30145/39df1847/5849375eNf0ef1194.png',2,'https://m.360buyimg.com/mobilecms/jfs/t3709/22/2193681127/30145/39df1847/5849375eNf0ef1194.png','.png',160,160);
INSERT INTO `t_sys_file_info` (`add_time`,`node_id`,`obj_id`,`photokey`,`type`,`file_url`,`file_pxf`,`width`,`height`)VALUES (20161216145600,1,16010000000344,'https://img13.360buyimg.com/n2/jfs/t3802/139/1578218185/30208/d7158126/582c3293N0c49c7d2.jpg',2,'https://img13.360buyimg.com/n2/jfs/t3802/139/1578218185/30208/d7158126/582c3293N0c49c7d2.jpg','.jpg',160,160);
INSERT INTO `t_sys_file_info` (`add_time`,`node_id`,`obj_id`,`photokey`,`type`,`file_url`,`file_pxf`,`width`,`height`)VALUES (20161216145600,1,16010000000344,'https://img11.360buyimg.com/n2/jfs/t3643/47/2194531012/64734/267b2f05/58462c7bN2de7ca4a.jpg',2,'https://img11.360buyimg.com/n2/jfs/t3643/47/2194531012/64734/267b2f05/58462c7bN2de7ca4a.jpg','.jpg',160,160);
INSERT INTO `t_meeting_info` (`id`,`begin_time`,`publish_time`,`title`,`sign_amount`,`signout_amount`,`enterprise_id`,`orgl_id`,`publish_username`,`take_time`,`content`,`location_id`,`sign_scope`,`del`,`status`,`publish_status`)VALUES(16010000000345,20161226161853,20161226022853,'元旦放假-2017.44',10,5,1110000000001,10001,'张老师',150,'Lorem ipsum dolor sit amet, consectetur adipiscing elit. Aenean euismod bibendum laoreet. Proin gravida dolor sit amet lacus accumsan et viverra justo commodo. Proin sodales pulvinar tempor. Cum sociis natoque penatibus et magnis dis parturient montes, nascetur ridiculus mus. Nam fermentum, nulla luctus pharetra vulputate, felis tellus mollis orci, sed rhoncus sapien nunc eget odio.',20010000004001,500,0,0,2);
INSERT INTO `t_meeting_personal_info` (`cust_id`,`meeting_id`,`sign`,`sign_time`,`sign_address`,`sign_out`,`signout_time`,`signout_address`) VALUES (4010000005067,16010000000345,0,20161226133353,'',0,20161226113853,'');
INSERT INTO `t_meeting_personal_info` (`cust_id`,`meeting_id`,`sign`,`sign_time`,`sign_address`,`sign_out`,`signout_time`,`signout_address`) VALUES (4010000005031,16010000000345,0,20161226133353,'',0,20161226113853,'');
INSERT INTO `t_meeting_personal_info` (`cust_id`,`meeting_id`,`sign`,`sign_time`,`sign_address`,`sign_out`,`signout_time`,`signout_address`) VALUES (4010000005057,16010000000345,0,20161226133353,'',0,20161226113853,'');
INSERT INTO `t_sys_file_info` (`add_time`,`node_id`,`obj_id`,`photokey`,`type`,`file_url`,`file_pxf`,`width`,`height`)VALUES (20161216145600,1,16010000000345,'https://img11.360buyimg.com/n2/jfs/t3136/159/4260913001/36394/dfecbc6d/583e9638N552af568.jpg',2,'https://img11.360buyimg.com/n2/jfs/t3136/159/4260913001/36394/dfecbc6d/583e9638N552af568.jpg','.jpg',160,160);
INSERT INTO `t_sys_file_info` (`add_time`,`node_id`,`obj_id`,`photokey`,`type`,`file_url`,`file_pxf`,`width`,`height`)VALUES (20161216145600,1,16010000000345,'https://m.360buyimg.com/mobilecms/jfs/t3709/22/2193681127/30145/39df1847/5849375eNf0ef1194.png',2,'https://m.360buyimg.com/mobilecms/jfs/t3709/22/2193681127/30145/39df1847/5849375eNf0ef1194.png','.png',160,160);
INSERT INTO `t_sys_file_info` (`add_time`,`node_id`,`obj_id`,`photokey`,`type`,`file_url`,`file_pxf`,`width`,`height`)VALUES (20161216145600,1,16010000000345,'https://img13.360buyimg.com/n2/jfs/t3802/139/1578218185/30208/d7158126/582c3293N0c49c7d2.jpg',2,'https://img13.360buyimg.com/n2/jfs/t3802/139/1578218185/30208/d7158126/582c3293N0c49c7d2.jpg','.jpg',160,160);
INSERT INTO `t_sys_file_info` (`add_time`,`node_id`,`obj_id`,`photokey`,`type`,`file_url`,`file_pxf`,`width`,`height`)VALUES (20161216145600,1,16010000000345,'https://img11.360buyimg.com/n2/jfs/t3643/47/2194531012/64734/267b2f05/58462c7bN2de7ca4a.jpg',2,'https://img11.360buyimg.com/n2/jfs/t3643/47/2194531012/64734/267b2f05/58462c7bN2de7ca4a.jpg','.jpg',160,160);
INSERT INTO `t_meeting_info` (`id`,`begin_time`,`publish_time`,`title`,`sign_amount`,`signout_amount`,`enterprise_id`,`orgl_id`,`publish_username`,`take_time`,`content`,`location_id`,`sign_scope`,`del`,`status`,`publish_status`)VALUES(16010000000346,20161226155853,20161226012853,'元旦放假-2017.55',10,5,1110000000001,10001,'张老师',150,'Lorem ipsum dolor sit amet, consectetur adipiscing elit. Aenean euismod bibendum laoreet. Proin gravida dolor sit amet lacus accumsan et viverra justo commodo. Proin sodales pulvinar tempor. Cum sociis natoque penatibus et magnis dis parturient montes, nascetur ridiculus mus. Nam fermentum, nulla luctus pharetra vulputate, felis tellus mollis orci, sed rhoncus sapien nunc eget odio.',20010000004001,500,0,0,2);
INSERT INTO `t_meeting_personal_info` (`cust_id`,`meeting_id`,`sign`,`sign_time`,`sign_address`,`sign_out`,`signout_time`,`signout_address`) VALUES (4010000005067,16010000000346,0,20161226131353,'',0,20161226111853,'');
INSERT INTO `t_meeting_personal_info` (`cust_id`,`meeting_id`,`sign`,`sign_time`,`sign_address`,`sign_out`,`signout_time`,`signout_address`) VALUES (4010000005031,16010000000346,0,20161226131353,'',0,20161226111853,'');
INSERT INTO `t_meeting_personal_info` (`cust_id`,`meeting_id`,`sign`,`sign_time`,`sign_address`,`sign_out`,`signout_time`,`signout_address`) VALUES (4010000005057,16010000000346,0,20161226131353,'',0,20161226111853,'');
INSERT INTO `t_sys_file_info` (`add_time`,`node_id`,`obj_id`,`photokey`,`type`,`file_url`,`file_pxf`,`width`,`height`)VALUES (20161216145600,1,16010000000346,'https://img11.360buyimg.com/n2/jfs/t3136/159/4260913001/36394/dfecbc6d/583e9638N552af568.jpg',2,'https://img11.360buyimg.com/n2/jfs/t3136/159/4260913001/36394/dfecbc6d/583e9638N552af568.jpg','.jpg',160,160);
INSERT INTO `t_sys_file_info` (`add_time`,`node_id`,`obj_id`,`photokey`,`type`,`file_url`,`file_pxf`,`width`,`height`)VALUES (20161216145600,1,16010000000346,'https://m.360buyimg.com/mobilecms/jfs/t3709/22/2193681127/30145/39df1847/5849375eNf0ef1194.png',2,'https://m.360buyimg.com/mobilecms/jfs/t3709/22/2193681127/30145/39df1847/5849375eNf0ef1194.png','.png',160,160);
INSERT INTO `t_meeting_info` (`id`,`begin_time`,`publish_time`,`title`,`sign_amount`,`signout_amount`,`enterprise_id`,`orgl_id`,`publish_username`,`take_time`,`content`,`location_id`,`sign_scope`,`del`,`status`,`publish_status`)VALUES(16010000000347,20161226153853,20161226002853,'元旦放假-2017.66',10,5,1110000000001,10001,'张老师',150,'Lorem ipsum dolor sit amet, consectetur adipiscing elit. Aenean euismod bibendum laoreet. Proin gravida dolor sit amet lacus accumsan et viverra justo commodo. Proin sodales pulvinar tempor. Cum sociis natoque penatibus et magnis dis parturient montes, nascetur ridiculus mus. Nam fermentum, nulla luctus pharetra vulputate, felis tellus mollis orci, sed rhoncus sapien nunc eget odio.',20010000004001,500,0,0,2);
INSERT INTO `t_meeting_personal_info` (`cust_id`,`meeting_id`,`sign`,`sign_time`,`sign_address`,`sign_out`,`signout_time`,`signout_address`) VALUES (4010000005067,16010000000347,0,20161226125353,'',0,20161226105853,'');
INSERT INTO `t_meeting_personal_info` (`cust_id`,`meeting_id`,`sign`,`sign_time`,`sign_address`,`sign_out`,`signout_time`,`signout_address`) VALUES (4010000005031,16010000000347,0,20161226125353,'',0,20161226105853,'');
INSERT INTO `t_meeting_personal_info` (`cust_id`,`meeting_id`,`sign`,`sign_time`,`sign_address`,`sign_out`,`signout_time`,`signout_address`) VALUES (4010000005057,16010000000347,0,20161226125353,'',0,20161226105853,'');
INSERT INTO `t_sys_file_info` (`add_time`,`node_id`,`obj_id`,`photokey`,`type`,`file_url`,`file_pxf`,`width`,`height`)VALUES (20161216145600,1,16010000000347,'https://img11.360buyimg.com/n2/jfs/t3136/159/4260913001/36394/dfecbc6d/583e9638N552af568.jpg',2,'https://img11.360buyimg.com/n2/jfs/t3136/159/4260913001/36394/dfecbc6d/583e9638N552af568.jpg','.jpg',160,160);
INSERT INTO `t_meeting_info` (`id`,`begin_time`,`publish_time`,`title`,`sign_amount`,`signout_amount`,`enterprise_id`,`orgl_id`,`publish_username`,`take_time`,`content`,`location_id`,`sign_scope`,`del`,`status`,`publish_status`)VALUES(16010000000348,20161226151853,20161225232853,'元旦放假-2017.77',10,5,1110000000001,10001,'张老师',150,'Lorem ipsum dolor sit amet, consectetur adipiscing elit. Aenean euismod bibendum laoreet. Proin gravida dolor sit amet lacus accumsan et viverra justo commodo. Proin sodales pulvinar tempor. Cum sociis natoque penatibus et magnis dis parturient montes, nascetur ridiculus mus. Nam fermentum, nulla luctus pharetra vulputate, felis tellus mollis orci, sed rhoncus sapien nunc eget odio.',20010000004001,500,0,0,2);
INSERT INTO `t_meeting_personal_info` (`cust_id`,`meeting_id`,`sign`,`sign_time`,`sign_address`,`sign_out`,`signout_time`,`signout_address`) VALUES (4010000005067,16010000000348,0,20161226123353,'',0,20161226103853,'');
INSERT INTO `t_meeting_personal_info` (`cust_id`,`meeting_id`,`sign`,`sign_time`,`sign_address`,`sign_out`,`signout_time`,`signout_address`) VALUES (4010000005031,16010000000348,0,20161226123353,'',0,20161226103853,'');
INSERT INTO `t_meeting_personal_info` (`cust_id`,`meeting_id`,`sign`,`sign_time`,`sign_address`,`sign_out`,`signout_time`,`signout_address`) VALUES (4010000005057,16010000000348,0,20161226123353,'',0,20161226103853,'');
INSERT INTO `t_sys_file_info` (`add_time`,`node_id`,`obj_id`,`photokey`,`type`,`file_url`,`file_pxf`,`width`,`height`)VALUES (20161216145600,1,16010000000348,'https://img11.360buyimg.com/n2/jfs/t3136/159/4260913001/36394/dfecbc6d/583e9638N552af568.jpg',2,'https://img11.360buyimg.com/n2/jfs/t3136/159/4260913001/36394/dfecbc6d/583e9638N552af568.jpg','.jpg',160,160);
INSERT INTO `t_sys_file_info` (`add_time`,`node_id`,`obj_id`,`photokey`,`type`,`file_url`,`file_pxf`,`width`,`height`)VALUES (20161216145600,1,16010000000348,'https://m.360buyimg.com/mobilecms/jfs/t3709/22/2193681127/30145/39df1847/5849375eNf0ef1194.png',2,'https://m.360buyimg.com/mobilecms/jfs/t3709/22/2193681127/30145/39df1847/5849375eNf0ef1194.png','.png',160,160);
INSERT INTO `t_sys_file_info` (`add_time`,`node_id`,`obj_id`,`photokey`,`type`,`file_url`,`file_pxf`,`width`,`height`)VALUES (20161216145600,1,16010000000348,'https://img13.360buyimg.com/n2/jfs/t3802/139/1578218185/30208/d7158126/582c3293N0c49c7d2.jpg',2,'https://img13.360buyimg.com/n2/jfs/t3802/139/1578218185/30208/d7158126/582c3293N0c49c7d2.jpg','.jpg',160,160);
INSERT INTO `t_sys_file_info` (`add_time`,`node_id`,`obj_id`,`photokey`,`type`,`file_url`,`file_pxf`,`width`,`height`)VALUES (20161216145600,1,16010000000348,'https://img11.360buyimg.com/n2/jfs/t3643/47/2194531012/64734/267b2f05/58462c7bN2de7ca4a.jpg',2,'https://img11.360buyimg.com/n2/jfs/t3643/47/2194531012/64734/267b2f05/58462c7bN2de7ca4a.jpg','.jpg',160,160);
INSERT INTO `t_sys_file_info` (`add_time`,`node_id`,`obj_id`,`photokey`,`type`,`file_url`,`file_pxf`,`width`,`height`)VALUES (20161216145600,1,16010000000348,'https://img11.360buyimg.com/n2/jfs/t3136/159/4260913001/36394/dfecbc6d/583e9638N552af568.jpg',2,'https://img11.360buyimg.com/n2/jfs/t3136/159/4260913001/36394/dfecbc6d/583e9638N552af568.jpg','.jpg',160,160);
INSERT INTO `t_sys_file_info` (`add_time`,`node_id`,`obj_id`,`photokey`,`type`,`file_url`,`file_pxf`,`width`,`height`)VALUES (20161216145600,1,16010000000348,'https://img12.360buyimg.com/n2/jfs/t3574/268/2297671180/104880/c07ba5c/584a186eN99d0a125.jpg',2,'https://img12.360buyimg.com/n2/jfs/t3574/268/2297671180/104880/c07ba5c/584a186eN99d0a125.jpg','.jpg',160,160);
INSERT INTO `t_sys_file_info` (`add_time`,`node_id`,`obj_id`,`photokey`,`type`,`file_url`,`file_pxf`,`width`,`height`)VALUES (20161216145600,1,16010000000348,'http://img10.360buyimg.com/n7/jfs/t2923/42/912895852/46378/d4af2dcf/576cb32bNc73fb820.jpg',2,'http://img10.360buyimg.com/n7/jfs/t2923/42/912895852/46378/d4af2dcf/576cb32bNc73fb820.jpg','.jpg',160,160);
INSERT INTO `t_meeting_info` (`id`,`begin_time`,`publish_time`,`title`,`sign_amount`,`signout_amount`,`enterprise_id`,`orgl_id`,`publish_username`,`take_time`,`content`,`location_id`,`sign_scope`,`del`,`status`,`publish_status`)VALUES(16010000000349,20161226145853,20161225222853,'元旦放假-2017.88',10,5,1110000000001,10001,'张老师',150,'Lorem ipsum dolor sit amet, consectetur adipiscing elit. Aenean euismod bibendum laoreet. Proin gravida dolor sit amet lacus accumsan et viverra justo commodo. Proin sodales pulvinar tempor. Cum sociis natoque penatibus et magnis dis parturient montes, nascetur ridiculus mus. Nam fermentum, nulla luctus pharetra vulputate, felis tellus mollis orci, sed rhoncus sapien nunc eget odio.',20010000004001,500,0,0,2);
INSERT INTO `t_meeting_personal_info` (`cust_id`,`meeting_id`,`sign`,`sign_time`,`sign_address`,`sign_out`,`signout_time`,`signout_address`) VALUES (4010000005067,16010000000349,0,20161226121353,'',0,20161226101853,'');
INSERT INTO `t_meeting_personal_info` (`cust_id`,`meeting_id`,`sign`,`sign_time`,`sign_address`,`sign_out`,`signout_time`,`signout_address`) VALUES (4010000005031,16010000000349,0,20161226121353,'',0,20161226101853,'');
INSERT INTO `t_meeting_personal_info` (`cust_id`,`meeting_id`,`sign`,`sign_time`,`sign_address`,`sign_out`,`signout_time`,`signout_address`) VALUES (4010000005057,16010000000349,0,20161226121353,'',0,20161226101853,'');
INSERT INTO `t_sys_file_info` (`add_time`,`node_id`,`obj_id`,`photokey`,`type`,`file_url`,`file_pxf`,`width`,`height`)VALUES (20161216145600,1,16010000000349,'https://img11.360buyimg.com/n2/jfs/t3136/159/4260913001/36394/dfecbc6d/583e9638N552af568.jpg',2,'https://img11.360buyimg.com/n2/jfs/t3136/159/4260913001/36394/dfecbc6d/583e9638N552af568.jpg','.jpg',160,160);
INSERT INTO `t_sys_file_info` (`add_time`,`node_id`,`obj_id`,`photokey`,`type`,`file_url`,`file_pxf`,`width`,`height`)VALUES (20161216145600,1,16010000000349,'https://m.360buyimg.com/mobilecms/jfs/t3709/22/2193681127/30145/39df1847/5849375eNf0ef1194.png',2,'https://m.360buyimg.com/mobilecms/jfs/t3709/22/2193681127/30145/39df1847/5849375eNf0ef1194.png','.png',160,160);
INSERT INTO `t_meeting_info` (`id`,`begin_time`,`publish_time`,`title`,`sign_amount`,`signout_amount`,`enterprise_id`,`orgl_id`,`publish_username`,`take_time`,`content`,`location_id`,`sign_scope`,`del`,`status`,`publish_status`)VALUES(16010000000350,20161226143853,20161225212853,'元旦放假-2017.99',10,5,1110000000001,10001,'张老师',150,'Lorem ipsum dolor sit amet, consectetur adipiscing elit. Aenean euismod bibendum laoreet. Proin gravida dolor sit amet lacus accumsan et viverra justo commodo. Proin sodales pulvinar tempor. Cum sociis natoque penatibus et magnis dis parturient montes, nascetur ridiculus mus. Nam fermentum, nulla luctus pharetra vulputate, felis tellus mollis orci, sed rhoncus sapien nunc eget odio.',20010000004001,500,0,0,2);
INSERT INTO `t_meeting_personal_info` (`cust_id`,`meeting_id`,`sign`,`sign_time`,`sign_address`,`sign_out`,`signout_time`,`signout_address`) VALUES (4010000005067,16010000000350,0,20161226115353,'',0,20161226095853,'');
INSERT INTO `t_meeting_personal_info` (`cust_id`,`meeting_id`,`sign`,`sign_time`,`sign_address`,`sign_out`,`signout_time`,`signout_address`) VALUES (4010000005031,16010000000350,0,20161226115353,'',0,20161226095853,'');
INSERT INTO `t_meeting_personal_info` (`cust_id`,`meeting_id`,`sign`,`sign_time`,`sign_address`,`sign_out`,`signout_time`,`signout_address`) VALUES (4010000005057,16010000000350,0,20161226115353,'',0,20161226095853,'');
INSERT INTO `t_sys_file_info` (`add_time`,`node_id`,`obj_id`,`photokey`,`type`,`file_url`,`file_pxf`,`width`,`height`)VALUES (20161216145600,1,16010000000350,'https://img11.360buyimg.com/n2/jfs/t3136/159/4260913001/36394/dfecbc6d/583e9638N552af568.jpg',2,'https://img11.360buyimg.com/n2/jfs/t3136/159/4260913001/36394/dfecbc6d/583e9638N552af568.jpg','.jpg',160,160);
INSERT INTO `t_sys_file_info` (`add_time`,`node_id`,`obj_id`,`photokey`,`type`,`file_url`,`file_pxf`,`width`,`height`)VALUES (20161216145600,1,16010000000350,'https://m.360buyimg.com/mobilecms/jfs/t3709/22/2193681127/30145/39df1847/5849375eNf0ef1194.png',2,'https://m.360buyimg.com/mobilecms/jfs/t3709/22/2193681127/30145/39df1847/5849375eNf0ef1194.png','.png',160,160);
INSERT INTO `t_sys_file_info` (`add_time`,`node_id`,`obj_id`,`photokey`,`type`,`file_url`,`file_pxf`,`width`,`height`)VALUES (20161216145600,1,16010000000350,'https://img13.360buyimg.com/n2/jfs/t3802/139/1578218185/30208/d7158126/582c3293N0c49c7d2.jpg',2,'https://img13.360buyimg.com/n2/jfs/t3802/139/1578218185/30208/d7158126/582c3293N0c49c7d2.jpg','.jpg',160,160);
INSERT INTO `t_sys_file_info` (`add_time`,`node_id`,`obj_id`,`photokey`,`type`,`file_url`,`file_pxf`,`width`,`height`)VALUES (20161216145600,1,16010000000350,'https://img11.360buyimg.com/n2/jfs/t3643/47/2194531012/64734/267b2f05/58462c7bN2de7ca4a.jpg',2,'https://img11.360buyimg.com/n2/jfs/t3643/47/2194531012/64734/267b2f05/58462c7bN2de7ca4a.jpg','.jpg',160,160);
INSERT INTO `t_sys_file_info` (`add_time`,`node_id`,`obj_id`,`photokey`,`type`,`file_url`,`file_pxf`,`width`,`height`)VALUES (20161216145600,1,16010000000350,'https://img11.360buyimg.com/n2/jfs/t3136/159/4260913001/36394/dfecbc6d/583e9638N552af568.jpg',2,'https://img11.360buyimg.com/n2/jfs/t3136/159/4260913001/36394/dfecbc6d/583e9638N552af568.jpg','.jpg',160,160);
INSERT INTO `t_sys_file_info` (`add_time`,`node_id`,`obj_id`,`photokey`,`type`,`file_url`,`file_pxf`,`width`,`height`)VALUES (20161216145600,1,16010000000350,'https://img12.360buyimg.com/n2/jfs/t3574/268/2297671180/104880/c07ba5c/584a186eN99d0a125.jpg',2,'https://img12.360buyimg.com/n2/jfs/t3574/268/2297671180/104880/c07ba5c/584a186eN99d0a125.jpg','.jpg',160,160);
INSERT INTO `t_sys_file_info` (`add_time`,`node_id`,`obj_id`,`photokey`,`type`,`file_url`,`file_pxf`,`width`,`height`)VALUES (20161216145600,1,16010000000350,'http://img10.360buyimg.com/n7/jfs/t2923/42/912895852/46378/d4af2dcf/576cb32bNc73fb820.jpg',2,'http://img10.360buyimg.com/n7/jfs/t2923/42/912895852/46378/d4af2dcf/576cb32bNc73fb820.jpg','.jpg',160,160);
INSERT INTO `t_meeting_info` (`id`,`begin_time`,`publish_time`,`title`,`sign_amount`,`signout_amount`,`enterprise_id`,`orgl_id`,`publish_username`,`take_time`,`content`,`location_id`,`sign_scope`,`del`,`status`,`publish_status`)VALUES(16010000000351,20161226141853,20161225202853,'元旦放假-2017.1010',10,5,1110000000001,10001,'张老师',150,'Lorem ipsum dolor sit amet, consectetur adipiscing elit. Aenean euismod bibendum laoreet. Proin gravida dolor sit amet lacus accumsan et viverra justo commodo. Proin sodales pulvinar tempor. Cum sociis natoque penatibus et magnis dis parturient montes, nascetur ridiculus mus. Nam fermentum, nulla luctus pharetra vulputate, felis tellus mollis orci, sed rhoncus sapien nunc eget odio.',20010000004001,500,0,0,2);
INSERT INTO `t_meeting_personal_info` (`cust_id`,`meeting_id`,`sign`,`sign_time`,`sign_address`,`sign_out`,`signout_time`,`signout_address`) VALUES (4010000005067,16010000000351,0,20161226113353,'',0,20161226093853,'');
INSERT INTO `t_meeting_personal_info` (`cust_id`,`meeting_id`,`sign`,`sign_time`,`sign_address`,`sign_out`,`signout_time`,`signout_address`) VALUES (4010000005031,16010000000351,0,20161226113353,'',0,20161226093853,'');
INSERT INTO `t_meeting_personal_info` (`cust_id`,`meeting_id`,`sign`,`sign_time`,`sign_address`,`sign_out`,`signout_time`,`signout_address`) VALUES (4010000005057,16010000000351,0,20161226113353,'',0,20161226093853,'');
INSERT INTO `t_sys_file_info` (`add_time`,`node_id`,`obj_id`,`photokey`,`type`,`file_url`,`file_pxf`,`width`,`height`)VALUES (20161216145600,1,16010000000351,'https://img11.360buyimg.com/n2/jfs/t3136/159/4260913001/36394/dfecbc6d/583e9638N552af568.jpg',2,'https://img11.360buyimg.com/n2/jfs/t3136/159/4260913001/36394/dfecbc6d/583e9638N552af568.jpg','.jpg',160,160);
INSERT INTO `t_sys_file_info` (`add_time`,`node_id`,`obj_id`,`photokey`,`type`,`file_url`,`file_pxf`,`width`,`height`)VALUES (20161216145600,1,16010000000351,'https://m.360buyimg.com/mobilecms/jfs/t3709/22/2193681127/30145/39df1847/5849375eNf0ef1194.png',2,'https://m.360buyimg.com/mobilecms/jfs/t3709/22/2193681127/30145/39df1847/5849375eNf0ef1194.png','.png',160,160);
INSERT INTO `t_sys_file_info` (`add_time`,`node_id`,`obj_id`,`photokey`,`type`,`file_url`,`file_pxf`,`width`,`height`)VALUES (20161216145600,1,16010000000351,'https://img13.360buyimg.com/n2/jfs/t3802/139/1578218185/30208/d7158126/582c3293N0c49c7d2.jpg',2,'https://img13.360buyimg.com/n2/jfs/t3802/139/1578218185/30208/d7158126/582c3293N0c49c7d2.jpg','.jpg',160,160);
INSERT INTO `t_sys_file_info` (`add_time`,`node_id`,`obj_id`,`photokey`,`type`,`file_url`,`file_pxf`,`width`,`height`)VALUES (20161216145600,1,16010000000351,'https://img11.360buyimg.com/n2/jfs/t3643/47/2194531012/64734/267b2f05/58462c7bN2de7ca4a.jpg',2,'https://img11.360buyimg.com/n2/jfs/t3643/47/2194531012/64734/267b2f05/58462c7bN2de7ca4a.jpg','.jpg',160,160);
INSERT INTO `t_sys_file_info` (`add_time`,`node_id`,`obj_id`,`photokey`,`type`,`file_url`,`file_pxf`,`width`,`height`)VALUES (20161216145600,1,16010000000351,'https://img11.360buyimg.com/n2/jfs/t3136/159/4260913001/36394/dfecbc6d/583e9638N552af568.jpg',2,'https://img11.360buyimg.com/n2/jfs/t3136/159/4260913001/36394/dfecbc6d/583e9638N552af568.jpg','.jpg',160,160);
INSERT INTO `t_meeting_info` (`id`,`begin_time`,`publish_time`,`title`,`sign_amount`,`signout_amount`,`enterprise_id`,`orgl_id`,`publish_username`,`take_time`,`content`,`location_id`,`sign_scope`,`del`,`status`,`publish_status`)VALUES(16010000000352,20161226135853,20161225192853,'元旦放假-2017.1111',10,5,1110000000001,10001,'张老师',150,'Lorem ipsum dolor sit amet, consectetur adipiscing elit. Aenean euismod bibendum laoreet. Proin gravida dolor sit amet lacus accumsan et viverra justo commodo. Proin sodales pulvinar tempor. Cum sociis natoque penatibus et magnis dis parturient montes, nascetur ridiculus mus. Nam fermentum, nulla luctus pharetra vulputate, felis tellus mollis orci, sed rhoncus sapien nunc eget odio.',20010000004001,500,0,0,2);
INSERT INTO `t_meeting_personal_info` (`cust_id`,`meeting_id`,`sign`,`sign_time`,`sign_address`,`sign_out`,`signout_time`,`signout_address`) VALUES (4010000005067,16010000000352,0,20161226111353,'',0,20161226091853,'');
INSERT INTO `t_meeting_personal_info` (`cust_id`,`meeting_id`,`sign`,`sign_time`,`sign_address`,`sign_out`,`signout_time`,`signout_address`) VALUES (4010000005031,16010000000352,0,20161226111353,'',0,20161226091853,'');
INSERT INTO `t_meeting_personal_info` (`cust_id`,`meeting_id`,`sign`,`sign_time`,`sign_address`,`sign_out`,`signout_time`,`signout_address`) VALUES (4010000005057,16010000000352,0,20161226111353,'',0,20161226091853,'');
INSERT INTO `t_sys_file_info` (`add_time`,`node_id`,`obj_id`,`photokey`,`type`,`file_url`,`file_pxf`,`width`,`height`)VALUES (20161216145600,1,16010000000352,'https://img11.360buyimg.com/n2/jfs/t3136/159/4260913001/36394/dfecbc6d/583e9638N552af568.jpg',2,'https://img11.360buyimg.com/n2/jfs/t3136/159/4260913001/36394/dfecbc6d/583e9638N552af568.jpg','.jpg',160,160);
INSERT INTO `t_sys_file_info` (`add_time`,`node_id`,`obj_id`,`photokey`,`type`,`file_url`,`file_pxf`,`width`,`height`)VALUES (20161216145600,1,16010000000352,'https://m.360buyimg.com/mobilecms/jfs/t3709/22/2193681127/30145/39df1847/5849375eNf0ef1194.png',2,'https://m.360buyimg.com/mobilecms/jfs/t3709/22/2193681127/30145/39df1847/5849375eNf0ef1194.png','.png',160,160);
INSERT INTO `t_sys_file_info` (`add_time`,`node_id`,`obj_id`,`photokey`,`type`,`file_url`,`file_pxf`,`width`,`height`)VALUES (20161216145600,1,16010000000352,'https://img13.360buyimg.com/n2/jfs/t3802/139/1578218185/30208/d7158126/582c3293N0c49c7d2.jpg',2,'https://img13.360buyimg.com/n2/jfs/t3802/139/1578218185/30208/d7158126/582c3293N0c49c7d2.jpg','.jpg',160,160);
INSERT INTO `t_meeting_info` (`id`,`begin_time`,`publish_time`,`title`,`sign_amount`,`signout_amount`,`enterprise_id`,`orgl_id`,`publish_username`,`take_time`,`content`,`location_id`,`sign_scope`,`del`,`status`,`publish_status`)VALUES(16010000000353,20161226133853,20161225182853,'元旦放假-2017.1212',10,5,1110000000001,10001,'张老师',150,'Lorem ipsum dolor sit amet, consectetur adipiscing elit. Aenean euismod bibendum laoreet. Proin gravida dolor sit amet lacus accumsan et viverra justo commodo. Proin sodales pulvinar tempor. Cum sociis natoque penatibus et magnis dis parturient montes, nascetur ridiculus mus. Nam fermentum, nulla luctus pharetra vulputate, felis tellus mollis orci, sed rhoncus sapien nunc eget odio.',20010000004001,500,0,0,2);
INSERT INTO `t_meeting_personal_info` (`cust_id`,`meeting_id`,`sign`,`sign_time`,`sign_address`,`sign_out`,`signout_time`,`signout_address`) VALUES (4010000005067,16010000000353,0,20161226105353,'',0,20161226085853,'');
INSERT INTO `t_meeting_personal_info` (`cust_id`,`meeting_id`,`sign`,`sign_time`,`sign_address`,`sign_out`,`signout_time`,`signout_address`) VALUES (4010000005031,16010000000353,0,20161226105353,'',0,20161226085853,'');
INSERT INTO `t_meeting_personal_info` (`cust_id`,`meeting_id`,`sign`,`sign_time`,`sign_address`,`sign_out`,`signout_time`,`signout_address`) VALUES (4010000005057,16010000000353,0,20161226105353,'',0,20161226085853,'');
INSERT INTO `t_sys_file_info` (`add_time`,`node_id`,`obj_id`,`photokey`,`type`,`file_url`,`file_pxf`,`width`,`height`)VALUES (20161216145600,1,16010000000353,'https://img11.360buyimg.com/n2/jfs/t3136/159/4260913001/36394/dfecbc6d/583e9638N552af568.jpg',2,'https://img11.360buyimg.com/n2/jfs/t3136/159/4260913001/36394/dfecbc6d/583e9638N552af568.jpg','.jpg',160,160);
INSERT INTO `t_sys_file_info` (`add_time`,`node_id`,`obj_id`,`photokey`,`type`,`file_url`,`file_pxf`,`width`,`height`)VALUES (20161216145600,1,16010000000353,'https://m.360buyimg.com/mobilecms/jfs/t3709/22/2193681127/30145/39df1847/5849375eNf0ef1194.png',2,'https://m.360buyimg.com/mobilecms/jfs/t3709/22/2193681127/30145/39df1847/5849375eNf0ef1194.png','.png',160,160);
INSERT INTO `t_sys_file_info` (`add_time`,`node_id`,`obj_id`,`photokey`,`type`,`file_url`,`file_pxf`,`width`,`height`)VALUES (20161216145600,1,16010000000353,'https://img13.360buyimg.com/n2/jfs/t3802/139/1578218185/30208/d7158126/582c3293N0c49c7d2.jpg',2,'https://img13.360buyimg.com/n2/jfs/t3802/139/1578218185/30208/d7158126/582c3293N0c49c7d2.jpg','.jpg',160,160);
INSERT INTO `t_meeting_info` (`id`,`begin_time`,`publish_time`,`title`,`sign_amount`,`signout_amount`,`enterprise_id`,`orgl_id`,`publish_username`,`take_time`,`content`,`location_id`,`sign_scope`,`del`,`status`,`publish_status`)VALUES(16010000000354,20161226131853,20161225172853,'元旦放假-2017.1313',10,5,1110000000001,10001,'张老师',150,'Lorem ipsum dolor sit amet, consectetur adipiscing elit. Aenean euismod bibendum laoreet. Proin gravida dolor sit amet lacus accumsan et viverra justo commodo. Proin sodales pulvinar tempor. Cum sociis natoque penatibus et magnis dis parturient montes, nascetur ridiculus mus. Nam fermentum, nulla luctus pharetra vulputate, felis tellus mollis orci, sed rhoncus sapien nunc eget odio.',20010000004001,500,0,0,2);
INSERT INTO `t_meeting_personal_info` (`cust_id`,`meeting_id`,`sign`,`sign_time`,`sign_address`,`sign_out`,`signout_time`,`signout_address`) VALUES (4010000005067,16010000000354,0,20161226103353,'',0,20161226083853,'');
INSERT INTO `t_meeting_personal_info` (`cust_id`,`meeting_id`,`sign`,`sign_time`,`sign_address`,`sign_out`,`signout_time`,`signout_address`) VALUES (4010000005031,16010000000354,0,20161226103353,'',0,20161226083853,'');
INSERT INTO `t_meeting_personal_info` (`cust_id`,`meeting_id`,`sign`,`sign_time`,`sign_address`,`sign_out`,`signout_time`,`signout_address`) VALUES (4010000005057,16010000000354,0,20161226103353,'',0,20161226083853,'');
INSERT INTO `t_sys_file_info` (`add_time`,`node_id`,`obj_id`,`photokey`,`type`,`file_url`,`file_pxf`,`width`,`height`)VALUES (20161216145600,1,16010000000354,'https://img11.360buyimg.com/n2/jfs/t3136/159/4260913001/36394/dfecbc6d/583e9638N552af568.jpg',2,'https://img11.360buyimg.com/n2/jfs/t3136/159/4260913001/36394/dfecbc6d/583e9638N552af568.jpg','.jpg',160,160);
INSERT INTO `t_sys_file_info` (`add_time`,`node_id`,`obj_id`,`photokey`,`type`,`file_url`,`file_pxf`,`width`,`height`)VALUES (20161216145600,1,16010000000354,'https://m.360buyimg.com/mobilecms/jfs/t3709/22/2193681127/30145/39df1847/5849375eNf0ef1194.png',2,'https://m.360buyimg.com/mobilecms/jfs/t3709/22/2193681127/30145/39df1847/5849375eNf0ef1194.png','.png',160,160);
INSERT INTO `t_sys_file_info` (`add_time`,`node_id`,`obj_id`,`photokey`,`type`,`file_url`,`file_pxf`,`width`,`height`)VALUES (20161216145600,1,16010000000354,'https://img13.360buyimg.com/n2/jfs/t3802/139/1578218185/30208/d7158126/582c3293N0c49c7d2.jpg',2,'https://img13.360buyimg.com/n2/jfs/t3802/139/1578218185/30208/d7158126/582c3293N0c49c7d2.jpg','.jpg',160,160);
INSERT INTO `t_meeting_info` (`id`,`begin_time`,`publish_time`,`title`,`sign_amount`,`signout_amount`,`enterprise_id`,`orgl_id`,`publish_username`,`take_time`,`content`,`location_id`,`sign_scope`,`del`,`status`,`publish_status`)VALUES(16010000000355,20161226125853,20161225162853,'元旦放假-2017.1414',10,5,1110000000001,10001,'张老师',150,'Lorem ipsum dolor sit amet, consectetur adipiscing elit. Aenean euismod bibendum laoreet. Proin gravida dolor sit amet lacus accumsan et viverra justo commodo. Proin sodales pulvinar tempor. Cum sociis natoque penatibus et magnis dis parturient montes, nascetur ridiculus mus. Nam fermentum, nulla luctus pharetra vulputate, felis tellus mollis orci, sed rhoncus sapien nunc eget odio.',20010000004001,500,0,0,2);
INSERT INTO `t_meeting_personal_info` (`cust_id`,`meeting_id`,`sign`,`sign_time`,`sign_address`,`sign_out`,`signout_time`,`signout_address`) VALUES (4010000005067,16010000000355,0,20161226101353,'',0,20161226081853,'');
INSERT INTO `t_meeting_personal_info` (`cust_id`,`meeting_id`,`sign`,`sign_time`,`sign_address`,`sign_out`,`signout_time`,`signout_address`) VALUES (4010000005031,16010000000355,0,20161226101353,'',0,20161226081853,'');
INSERT INTO `t_meeting_personal_info` (`cust_id`,`meeting_id`,`sign`,`sign_time`,`sign_address`,`sign_out`,`signout_time`,`signout_address`) VALUES (4010000005057,16010000000355,0,20161226101353,'',0,20161226081853,'');
INSERT INTO `t_sys_file_info` (`add_time`,`node_id`,`obj_id`,`photokey`,`type`,`file_url`,`file_pxf`,`width`,`height`)VALUES (20161216145600,1,16010000000355,'https://img11.360buyimg.com/n2/jfs/t3136/159/4260913001/36394/dfecbc6d/583e9638N552af568.jpg',2,'https://img11.360buyimg.com/n2/jfs/t3136/159/4260913001/36394/dfecbc6d/583e9638N552af568.jpg','.jpg',160,160);
INSERT INTO `t_sys_file_info` (`add_time`,`node_id`,`obj_id`,`photokey`,`type`,`file_url`,`file_pxf`,`width`,`height`)VALUES (20161216145600,1,16010000000355,'https://m.360buyimg.com/mobilecms/jfs/t3709/22/2193681127/30145/39df1847/5849375eNf0ef1194.png',2,'https://m.360buyimg.com/mobilecms/jfs/t3709/22/2193681127/30145/39df1847/5849375eNf0ef1194.png','.png',160,160);
INSERT INTO `t_meeting_info` (`id`,`begin_time`,`publish_time`,`title`,`sign_amount`,`signout_amount`,`enterprise_id`,`orgl_id`,`publish_username`,`take_time`,`content`,`location_id`,`sign_scope`,`del`,`status`,`publish_status`)VALUES(16010000000356,20161226123853,20161225152853,'元旦放假-2017.1515',10,5,1110000000001,10001,'张老师',150,'Lorem ipsum dolor sit amet, consectetur adipiscing elit. Aenean euismod bibendum laoreet. Proin gravida dolor sit amet lacus accumsan et viverra justo commodo. Proin sodales pulvinar tempor. Cum sociis natoque penatibus et magnis dis parturient montes, nascetur ridiculus mus. Nam fermentum, nulla luctus pharetra vulputate, felis tellus mollis orci, sed rhoncus sapien nunc eget odio.',20010000004001,500,0,0,2);
INSERT INTO `t_meeting_personal_info` (`cust_id`,`meeting_id`,`sign`,`sign_time`,`sign_address`,`sign_out`,`signout_time`,`signout_address`) VALUES (4010000005067,16010000000356,0,20161226095353,'',0,20161226075853,'');
INSERT INTO `t_meeting_personal_info` (`cust_id`,`meeting_id`,`sign`,`sign_time`,`sign_address`,`sign_out`,`signout_time`,`signout_address`) VALUES (4010000005031,16010000000356,0,20161226095353,'',0,20161226075853,'');
INSERT INTO `t_meeting_personal_info` (`cust_id`,`meeting_id`,`sign`,`sign_time`,`sign_address`,`sign_out`,`signout_time`,`signout_address`) VALUES (4010000005057,16010000000356,0,20161226095353,'',0,20161226075853,'');
INSERT INTO `t_sys_file_info` (`add_time`,`node_id`,`obj_id`,`photokey`,`type`,`file_url`,`file_pxf`,`width`,`height`)VALUES (20161216145600,1,16010000000356,'https://img11.360buyimg.com/n2/jfs/t3136/159/4260913001/36394/dfecbc6d/583e9638N552af568.jpg',2,'https://img11.360buyimg.com/n2/jfs/t3136/159/4260913001/36394/dfecbc6d/583e9638N552af568.jpg','.jpg',160,160);
INSERT INTO `t_sys_file_info` (`add_time`,`node_id`,`obj_id`,`photokey`,`type`,`file_url`,`file_pxf`,`width`,`height`)VALUES (20161216145600,1,16010000000356,'https://m.360buyimg.com/mobilecms/jfs/t3709/22/2193681127/30145/39df1847/5849375eNf0ef1194.png',2,'https://m.360buyimg.com/mobilecms/jfs/t3709/22/2193681127/30145/39df1847/5849375eNf0ef1194.png','.png',160,160);