
UPDATE t_class_info SET class_address = '一教405' WHERE cust_id = 8010000001283;
UPDATE t_class_info SET class_address = '二教223' WHERE cust_id = 8010000001311;

-- 科目数据
INSERT INTO `t_dictionary` (`id`,`cVal`,`iVal`) VALUES (1,'语文课',1);
INSERT INTO `t_dictionary` (`id`,`cVal`,`iVal`) VALUES (2,'数学课',1);
INSERT INTO `t_dictionary` (`id`,`cVal`,`iVal`) VALUES (3,'英语课',1);

-- 学校学期数据
INSERT INTO `t_mo_course_semester` (`id`,`sid`,`name`,`status`,`create_time`,`update_time`) VALUES (1,1110000000001,'新庄艺术幼儿园16-17学年冬季学期',1,20170109150700,20170109150700);
INSERT INTO `t_mo_course_semester` (`id`,`sid`,`name`,`status`,`create_time`,`update_time`) VALUES (2,1110000000001,'新庄艺术幼儿园16-17学年夏季学期',0,20170109150700,20170109150700);

-- 学校课节数据
INSERT INTO `t_mo_course_school_lesson` (`id`,`sid`,`begin_time`,`end_time`,`lesson_seq`,`time_interval`) VALUES (1,1110000000001,'7:30','8:15',1,1);
INSERT INTO `t_mo_course_school_lesson` (`id`,`sid`,`begin_time`,`end_time`,`lesson_seq`,`time_interval`) VALUES (2,1110000000001,'8:20','9:05',2,1);
INSERT INTO `t_mo_course_school_lesson` (`id`,`sid`,`begin_time`,`end_time`,`lesson_seq`,`time_interval`) VALUES (3,1110000000001,'9:10','9:55',3,1);
INSERT INTO `t_mo_course_school_lesson` (`id`,`sid`,`begin_time`,`end_time`,`lesson_seq`,`time_interval`) VALUES (4,1110000000001,'10:00','10:45',4,1);
INSERT INTO `t_mo_course_school_lesson` (`id`,`sid`,`begin_time`,`end_time`,`lesson_seq`,`time_interval`) VALUES (5,1110000000001,'10:55','11:40',5,1);
INSERT INTO `t_mo_course_school_lesson` (`id`,`sid`,`begin_time`,`end_time`,`lesson_seq`,`time_interval`) VALUES (6,1110000000001,'14:00','14:45',6,2);
INSERT INTO `t_mo_course_school_lesson` (`id`,`sid`,`begin_time`,`end_time`,`lesson_seq`,`time_interval`) VALUES (7,1110000000001,'14:50','15:35',7,2);
INSERT INTO `t_mo_course_school_lesson` (`id`,`sid`,`begin_time`,`end_time`,`lesson_seq`,`time_interval`) VALUES (8,1110000000001,'15:40','16:25',8,2);
INSERT INTO `t_mo_course_school_lesson` (`id`,`sid`,`begin_time`,`end_time`,`lesson_seq`,`time_interval`) VALUES (9,1110000000001,'19:30','20:15',9,3);

-- 学期周数据
INSERT INTO `t_mo_course_week` (`id`,`semester_id`,`name`,`week_mon_time`,`week_seq`) VALUES (1,1,'第一周',20161226000000,1);
INSERT INTO `t_mo_course_week` (`id`,`semester_id`,`name`,`week_mon_time`,`week_seq`) VALUES (2,1,'第二周',20170102000000,2);
INSERT INTO `t_mo_course_week` (`id`,`semester_id`,`name`,`week_mon_time`,`week_seq`) VALUES (3,1,'第三周',20170109000000,3);
INSERT INTO `t_mo_course_week` (`id`,`semester_id`,`name`,`week_mon_time`,`week_seq`) VALUES (4,1,'第四周',20170116000000,4);
INSERT INTO `t_mo_course_week` (`id`,`semester_id`,`name`,`week_mon_time`,`week_seq`) VALUES (5,1,'第五周',20170123000000,5);
INSERT INTO `t_mo_course_week` (`id`,`semester_id`,`name`,`week_mon_time`,`week_seq`) VALUES (6,1,'第六周',20170130000000,6);
INSERT INTO `t_mo_course_week` (`id`,`semester_id`,`name`,`week_mon_time`,`week_seq`) VALUES (7,1,'第七周',20170206000000,7);
INSERT INTO `t_mo_course_week` (`id`,`semester_id`,`name`,`week_mon_time`,`week_seq`) VALUES (8,1,'第八周',20170213000000,8);
INSERT INTO `t_mo_course_week` (`id`,`semester_id`,`name`,`week_mon_time`,`week_seq`) VALUES (9,1,'第九周',20170223000000,9);
INSERT INTO `t_mo_course_week` (`id`,`semester_id`,`name`,`week_mon_time`,`week_seq`) VALUES (10,1,'第十周',20170227000000,10);
INSERT INTO `t_mo_course_week` (`id`,`semester_id`,`name`,`week_mon_time`,`week_seq`) VALUES (11,1,'第十一周',20170303000000,11);
INSERT INTO `t_mo_course_week` (`id`,`semester_id`,`name`,`week_mon_time`,`week_seq`) VALUES (12,1,'第十二周',20170313000000,12);
INSERT INTO `t_mo_course_week` (`id`,`semester_id`,`name`,`week_mon_time`,`week_seq`) VALUES (13,1,'第十三周',20170320000000,13);
INSERT INTO `t_mo_course_week` (`id`,`semester_id`,`name`,`week_mon_time`,`week_seq`) VALUES (14,1,'第十四周',20170327000000,14);
INSERT INTO `t_mo_course_week` (`id`,`semester_id`,`name`,`week_mon_time`,`week_seq`) VALUES (15,1,'第十五周',20170403000000,15);
INSERT INTO `t_mo_course_week` (`id`,`semester_id`,`name`,`week_mon_time`,`week_seq`) VALUES (16,1,'第十六周',20170410000000,16);
INSERT INTO `t_mo_course_week` (`id`,`semester_id`,`name`,`week_mon_time`,`week_seq`) VALUES (17,1,'第十七周',20170417000000,17);
INSERT INTO `t_mo_course_week` (`id`,`semester_id`,`name`,`week_mon_time`,`week_seq`) VALUES (18,1,'第十八周',20170424000000,18);
INSERT INTO `t_mo_course_week` (`id`,`semester_id`,`name`,`week_mon_time`,`week_seq`) VALUES (19,1,'第十九周',20170501000000,19);
INSERT INTO `t_mo_course_week` (`id`,`semester_id`,`name`,`week_mon_time`,`week_seq`) VALUES (20,1,'第二十周',20170508000000,20);

-- 课程表数据
INSERT INTO `t_mo_course_schedule` (`id`,`cust_id`,`week_id`,`week_day_num`,`lesson_id`,`course_id`,`class_id`) VALUES (1,4010000005067,1,1,1,1,8010000001283);
INSERT INTO `t_mo_course_schedule` (`id`,`cust_id`,`week_id`,`week_day_num`,`lesson_id`,`course_id`,`class_id`) VALUES (2,4010000005067,1,1,2,1,8010000001283);
INSERT INTO `t_mo_course_schedule` (`id`,`cust_id`,`week_id`,`week_day_num`,`lesson_id`,`course_id`,`class_id`) VALUES (3,4010000005067,1,1,3,2,8010000001283);
INSERT INTO `t_mo_course_schedule` (`id`,`cust_id`,`week_id`,`week_day_num`,`lesson_id`,`course_id`,`class_id`) VALUES (4,4010000005067,1,1,4,2,8010000001311);
INSERT INTO `t_mo_course_schedule` (`id`,`cust_id`,`week_id`,`week_day_num`,`lesson_id`,`course_id`,`class_id`) VALUES (5,4010000005067,1,1,5,3,8010000001283);
INSERT INTO `t_mo_course_schedule` (`id`,`cust_id`,`week_id`,`week_day_num`,`lesson_id`,`course_id`,`class_id`) VALUES (6,4010000005067,1,1,6,1,8010000001311);
INSERT INTO `t_mo_course_schedule` (`id`,`cust_id`,`week_id`,`week_day_num`,`lesson_id`,`course_id`,`class_id`) VALUES (7,4010000005067,1,1,7,1,8010000001283);
INSERT INTO `t_mo_course_schedule` (`id`,`cust_id`,`week_id`,`week_day_num`,`lesson_id`,`course_id`,`class_id`) VALUES (8,4010000005067,1,1,8,2,8010000001283);
INSERT INTO `t_mo_course_schedule` (`id`,`cust_id`,`week_id`,`week_day_num`,`lesson_id`,`course_id`,`class_id`) VALUES (9,4010000005067,1,1,9,3,8010000001311);
INSERT INTO `t_mo_course_schedule` (`id`,`cust_id`,`week_id`,`week_day_num`,`lesson_id`,`course_id`,`class_id`) VALUES (10,4010000005067,1,2,1,1,8010000001283);
INSERT INTO `t_mo_course_schedule` (`id`,`cust_id`,`week_id`,`week_day_num`,`lesson_id`,`course_id`,`class_id`) VALUES (11,4010000005067,1,2,2,1,8010000001283);
INSERT INTO `t_mo_course_schedule` (`id`,`cust_id`,`week_id`,`week_day_num`,`lesson_id`,`course_id`,`class_id`) VALUES (12,4010000005067,1,2,3,2,8010000001283);
INSERT INTO `t_mo_course_schedule` (`id`,`cust_id`,`week_id`,`week_day_num`,`lesson_id`,`course_id`,`class_id`) VALUES (13,4010000005067,1,2,4,2,8010000001311);
INSERT INTO `t_mo_course_schedule` (`id`,`cust_id`,`week_id`,`week_day_num`,`lesson_id`,`course_id`,`class_id`) VALUES (14,4010000005067,1,2,5,3,8010000001283);
INSERT INTO `t_mo_course_schedule` (`id`,`cust_id`,`week_id`,`week_day_num`,`lesson_id`,`course_id`,`class_id`) VALUES (15,4010000005067,1,2,6,1,8010000001311);
INSERT INTO `t_mo_course_schedule` (`id`,`cust_id`,`week_id`,`week_day_num`,`lesson_id`,`course_id`,`class_id`) VALUES (16,4010000005067,1,2,7,1,8010000001283);
INSERT INTO `t_mo_course_schedule` (`id`,`cust_id`,`week_id`,`week_day_num`,`lesson_id`,`course_id`,`class_id`) VALUES (17,4010000005067,1,2,8,2,8010000001283);
INSERT INTO `t_mo_course_schedule` (`id`,`cust_id`,`week_id`,`week_day_num`,`lesson_id`,`course_id`,`class_id`) VALUES (18,4010000005067,1,2,9,3,8010000001311);
INSERT INTO `t_mo_course_schedule` (`id`,`cust_id`,`week_id`,`week_day_num`,`lesson_id`,`course_id`,`class_id`) VALUES (19,4010000005067,1,3,1,1,8010000001283);
INSERT INTO `t_mo_course_schedule` (`id`,`cust_id`,`week_id`,`week_day_num`,`lesson_id`,`course_id`,`class_id`) VALUES (20,4010000005067,1,3,2,1,8010000001283);
INSERT INTO `t_mo_course_schedule` (`id`,`cust_id`,`week_id`,`week_day_num`,`lesson_id`,`course_id`,`class_id`) VALUES (21,4010000005067,1,3,3,2,8010000001283);
INSERT INTO `t_mo_course_schedule` (`id`,`cust_id`,`week_id`,`week_day_num`,`lesson_id`,`course_id`,`class_id`) VALUES (22,4010000005067,1,3,4,2,8010000001311);
INSERT INTO `t_mo_course_schedule` (`id`,`cust_id`,`week_id`,`week_day_num`,`lesson_id`,`course_id`,`class_id`) VALUES (23,4010000005067,1,3,5,3,8010000001283);
INSERT INTO `t_mo_course_schedule` (`id`,`cust_id`,`week_id`,`week_day_num`,`lesson_id`,`course_id`,`class_id`) VALUES (24,4010000005067,1,3,6,1,8010000001311);
INSERT INTO `t_mo_course_schedule` (`id`,`cust_id`,`week_id`,`week_day_num`,`lesson_id`,`course_id`,`class_id`) VALUES (25,4010000005067,1,3,7,1,8010000001283);
INSERT INTO `t_mo_course_schedule` (`id`,`cust_id`,`week_id`,`week_day_num`,`lesson_id`,`course_id`,`class_id`) VALUES (26,4010000005067,1,3,8,2,8010000001283);
INSERT INTO `t_mo_course_schedule` (`id`,`cust_id`,`week_id`,`week_day_num`,`lesson_id`,`course_id`,`class_id`) VALUES (27,4010000005067,1,3,9,3,8010000001311);
INSERT INTO `t_mo_course_schedule` (`id`,`cust_id`,`week_id`,`week_day_num`,`lesson_id`,`course_id`,`class_id`) VALUES (28,4010000005067,1,4,1,1,8010000001283);
INSERT INTO `t_mo_course_schedule` (`id`,`cust_id`,`week_id`,`week_day_num`,`lesson_id`,`course_id`,`class_id`) VALUES (29,4010000005067,1,4,2,1,8010000001283);
INSERT INTO `t_mo_course_schedule` (`id`,`cust_id`,`week_id`,`week_day_num`,`lesson_id`,`course_id`,`class_id`) VALUES (30,4010000005067,1,4,3,2,8010000001283);
INSERT INTO `t_mo_course_schedule` (`id`,`cust_id`,`week_id`,`week_day_num`,`lesson_id`,`course_id`,`class_id`) VALUES (31,4010000005067,1,4,4,2,8010000001311);
INSERT INTO `t_mo_course_schedule` (`id`,`cust_id`,`week_id`,`week_day_num`,`lesson_id`,`course_id`,`class_id`) VALUES (32,4010000005067,1,4,5,3,8010000001283);
INSERT INTO `t_mo_course_schedule` (`id`,`cust_id`,`week_id`,`week_day_num`,`lesson_id`,`course_id`,`class_id`) VALUES (33,4010000005067,1,4,6,1,8010000001311);
INSERT INTO `t_mo_course_schedule` (`id`,`cust_id`,`week_id`,`week_day_num`,`lesson_id`,`course_id`,`class_id`) VALUES (34,4010000005067,1,4,7,1,8010000001283);
INSERT INTO `t_mo_course_schedule` (`id`,`cust_id`,`week_id`,`week_day_num`,`lesson_id`,`course_id`,`class_id`) VALUES (35,4010000005067,1,4,8,2,8010000001283);
INSERT INTO `t_mo_course_schedule` (`id`,`cust_id`,`week_id`,`week_day_num`,`lesson_id`,`course_id`,`class_id`) VALUES (36,4010000005067,1,4,9,3,8010000001311);
INSERT INTO `t_mo_course_schedule` (`id`,`cust_id`,`week_id`,`week_day_num`,`lesson_id`,`course_id`,`class_id`) VALUES (37,4010000005067,1,5,1,1,8010000001283);
INSERT INTO `t_mo_course_schedule` (`id`,`cust_id`,`week_id`,`week_day_num`,`lesson_id`,`course_id`,`class_id`) VALUES (38,4010000005067,1,5,2,1,8010000001283);
INSERT INTO `t_mo_course_schedule` (`id`,`cust_id`,`week_id`,`week_day_num`,`lesson_id`,`course_id`,`class_id`) VALUES (39,4010000005067,1,5,3,2,8010000001283);
INSERT INTO `t_mo_course_schedule` (`id`,`cust_id`,`week_id`,`week_day_num`,`lesson_id`,`course_id`,`class_id`) VALUES (40,4010000005067,1,5,4,2,8010000001311);
INSERT INTO `t_mo_course_schedule` (`id`,`cust_id`,`week_id`,`week_day_num`,`lesson_id`,`course_id`,`class_id`) VALUES (41,4010000005067,1,5,5,3,8010000001283);
INSERT INTO `t_mo_course_schedule` (`id`,`cust_id`,`week_id`,`week_day_num`,`lesson_id`,`course_id`,`class_id`) VALUES (42,4010000005067,1,5,6,1,8010000001311);
INSERT INTO `t_mo_course_schedule` (`id`,`cust_id`,`week_id`,`week_day_num`,`lesson_id`,`course_id`,`class_id`) VALUES (43,4010000005067,1,5,7,1,8010000001283);
INSERT INTO `t_mo_course_schedule` (`id`,`cust_id`,`week_id`,`week_day_num`,`lesson_id`,`course_id`,`class_id`) VALUES (44,4010000005067,1,5,8,2,8010000001283);
INSERT INTO `t_mo_course_schedule` (`id`,`cust_id`,`week_id`,`week_day_num`,`lesson_id`,`course_id`,`class_id`) VALUES (45,4010000005067,1,5,9,3,8010000001311);
INSERT INTO `t_mo_course_schedule` (`id`,`cust_id`,`week_id`,`week_day_num`,`lesson_id`,`course_id`,`class_id`) VALUES (46,4010000005067,2,1,1,1,8010000001283);
INSERT INTO `t_mo_course_schedule` (`id`,`cust_id`,`week_id`,`week_day_num`,`lesson_id`,`course_id`,`class_id`) VALUES (47,4010000005067,2,1,2,1,8010000001283);
INSERT INTO `t_mo_course_schedule` (`id`,`cust_id`,`week_id`,`week_day_num`,`lesson_id`,`course_id`,`class_id`) VALUES (48,4010000005067,2,1,3,2,8010000001283);
INSERT INTO `t_mo_course_schedule` (`id`,`cust_id`,`week_id`,`week_day_num`,`lesson_id`,`course_id`,`class_id`) VALUES (49,4010000005067,2,1,4,2,8010000001311);
INSERT INTO `t_mo_course_schedule` (`id`,`cust_id`,`week_id`,`week_day_num`,`lesson_id`,`course_id`,`class_id`) VALUES (50,4010000005067,2,1,5,3,8010000001283);
INSERT INTO `t_mo_course_schedule` (`id`,`cust_id`,`week_id`,`week_day_num`,`lesson_id`,`course_id`,`class_id`) VALUES (51,4010000005067,2,1,6,1,8010000001311);
INSERT INTO `t_mo_course_schedule` (`id`,`cust_id`,`week_id`,`week_day_num`,`lesson_id`,`course_id`,`class_id`) VALUES (52,4010000005067,2,1,7,1,8010000001283);
INSERT INTO `t_mo_course_schedule` (`id`,`cust_id`,`week_id`,`week_day_num`,`lesson_id`,`course_id`,`class_id`) VALUES (53,4010000005067,2,1,8,2,8010000001283);
INSERT INTO `t_mo_course_schedule` (`id`,`cust_id`,`week_id`,`week_day_num`,`lesson_id`,`course_id`,`class_id`) VALUES (54,4010000005067,2,1,9,3,8010000001311);
INSERT INTO `t_mo_course_schedule` (`id`,`cust_id`,`week_id`,`week_day_num`,`lesson_id`,`course_id`,`class_id`) VALUES (55,4010000005067,2,2,1,1,8010000001283);
INSERT INTO `t_mo_course_schedule` (`id`,`cust_id`,`week_id`,`week_day_num`,`lesson_id`,`course_id`,`class_id`) VALUES (56,4010000005067,2,2,2,1,8010000001283);
INSERT INTO `t_mo_course_schedule` (`id`,`cust_id`,`week_id`,`week_day_num`,`lesson_id`,`course_id`,`class_id`) VALUES (57,4010000005067,2,2,3,2,8010000001283);
INSERT INTO `t_mo_course_schedule` (`id`,`cust_id`,`week_id`,`week_day_num`,`lesson_id`,`course_id`,`class_id`) VALUES (58,4010000005067,2,2,4,2,8010000001311);
INSERT INTO `t_mo_course_schedule` (`id`,`cust_id`,`week_id`,`week_day_num`,`lesson_id`,`course_id`,`class_id`) VALUES (59,4010000005067,2,2,5,3,8010000001283);
INSERT INTO `t_mo_course_schedule` (`id`,`cust_id`,`week_id`,`week_day_num`,`lesson_id`,`course_id`,`class_id`) VALUES (60,4010000005067,2,2,6,1,8010000001311);
INSERT INTO `t_mo_course_schedule` (`id`,`cust_id`,`week_id`,`week_day_num`,`lesson_id`,`course_id`,`class_id`) VALUES (61,4010000005067,2,2,7,1,8010000001283);
INSERT INTO `t_mo_course_schedule` (`id`,`cust_id`,`week_id`,`week_day_num`,`lesson_id`,`course_id`,`class_id`) VALUES (62,4010000005067,2,2,8,2,8010000001283);
INSERT INTO `t_mo_course_schedule` (`id`,`cust_id`,`week_id`,`week_day_num`,`lesson_id`,`course_id`,`class_id`) VALUES (63,4010000005067,2,2,9,3,8010000001311);
INSERT INTO `t_mo_course_schedule` (`id`,`cust_id`,`week_id`,`week_day_num`,`lesson_id`,`course_id`,`class_id`) VALUES (64,4010000005067,2,3,1,1,8010000001283);
INSERT INTO `t_mo_course_schedule` (`id`,`cust_id`,`week_id`,`week_day_num`,`lesson_id`,`course_id`,`class_id`) VALUES (65,4010000005067,2,3,2,1,8010000001283);
INSERT INTO `t_mo_course_schedule` (`id`,`cust_id`,`week_id`,`week_day_num`,`lesson_id`,`course_id`,`class_id`) VALUES (66,4010000005067,2,3,3,2,8010000001283);
INSERT INTO `t_mo_course_schedule` (`id`,`cust_id`,`week_id`,`week_day_num`,`lesson_id`,`course_id`,`class_id`) VALUES (67,4010000005067,2,3,4,2,8010000001311);
INSERT INTO `t_mo_course_schedule` (`id`,`cust_id`,`week_id`,`week_day_num`,`lesson_id`,`course_id`,`class_id`) VALUES (68,4010000005067,2,3,5,3,8010000001283);
INSERT INTO `t_mo_course_schedule` (`id`,`cust_id`,`week_id`,`week_day_num`,`lesson_id`,`course_id`,`class_id`) VALUES (69,4010000005067,2,3,6,1,8010000001311);
INSERT INTO `t_mo_course_schedule` (`id`,`cust_id`,`week_id`,`week_day_num`,`lesson_id`,`course_id`,`class_id`) VALUES (70,4010000005067,2,3,7,1,8010000001283);
INSERT INTO `t_mo_course_schedule` (`id`,`cust_id`,`week_id`,`week_day_num`,`lesson_id`,`course_id`,`class_id`) VALUES (71,4010000005067,2,3,8,2,8010000001283);
INSERT INTO `t_mo_course_schedule` (`id`,`cust_id`,`week_id`,`week_day_num`,`lesson_id`,`course_id`,`class_id`) VALUES (72,4010000005067,2,3,9,3,8010000001311);
INSERT INTO `t_mo_course_schedule` (`id`,`cust_id`,`week_id`,`week_day_num`,`lesson_id`,`course_id`,`class_id`) VALUES (73,4010000005067,2,4,1,1,8010000001283);
INSERT INTO `t_mo_course_schedule` (`id`,`cust_id`,`week_id`,`week_day_num`,`lesson_id`,`course_id`,`class_id`) VALUES (74,4010000005067,2,4,2,1,8010000001283);
INSERT INTO `t_mo_course_schedule` (`id`,`cust_id`,`week_id`,`week_day_num`,`lesson_id`,`course_id`,`class_id`) VALUES (75,4010000005067,2,4,3,2,8010000001283);
INSERT INTO `t_mo_course_schedule` (`id`,`cust_id`,`week_id`,`week_day_num`,`lesson_id`,`course_id`,`class_id`) VALUES (76,4010000005067,2,4,4,2,8010000001311);
INSERT INTO `t_mo_course_schedule` (`id`,`cust_id`,`week_id`,`week_day_num`,`lesson_id`,`course_id`,`class_id`) VALUES (77,4010000005067,2,4,5,3,8010000001283);
INSERT INTO `t_mo_course_schedule` (`id`,`cust_id`,`week_id`,`week_day_num`,`lesson_id`,`course_id`,`class_id`) VALUES (78,4010000005067,2,4,6,1,8010000001311);
INSERT INTO `t_mo_course_schedule` (`id`,`cust_id`,`week_id`,`week_day_num`,`lesson_id`,`course_id`,`class_id`) VALUES (79,4010000005067,2,4,7,1,8010000001283);
INSERT INTO `t_mo_course_schedule` (`id`,`cust_id`,`week_id`,`week_day_num`,`lesson_id`,`course_id`,`class_id`) VALUES (80,4010000005067,2,4,8,2,8010000001283);
INSERT INTO `t_mo_course_schedule` (`id`,`cust_id`,`week_id`,`week_day_num`,`lesson_id`,`course_id`,`class_id`) VALUES (81,4010000005067,2,4,9,3,8010000001311);
INSERT INTO `t_mo_course_schedule` (`id`,`cust_id`,`week_id`,`week_day_num`,`lesson_id`,`course_id`,`class_id`) VALUES (82,4010000005067,2,5,1,1,8010000001283);
INSERT INTO `t_mo_course_schedule` (`id`,`cust_id`,`week_id`,`week_day_num`,`lesson_id`,`course_id`,`class_id`) VALUES (83,4010000005067,2,5,2,1,8010000001283);
INSERT INTO `t_mo_course_schedule` (`id`,`cust_id`,`week_id`,`week_day_num`,`lesson_id`,`course_id`,`class_id`) VALUES (84,4010000005067,2,5,3,2,8010000001283);
INSERT INTO `t_mo_course_schedule` (`id`,`cust_id`,`week_id`,`week_day_num`,`lesson_id`,`course_id`,`class_id`) VALUES (85,4010000005067,2,5,4,2,8010000001311);
INSERT INTO `t_mo_course_schedule` (`id`,`cust_id`,`week_id`,`week_day_num`,`lesson_id`,`course_id`,`class_id`) VALUES (86,4010000005067,2,5,5,3,8010000001283);
INSERT INTO `t_mo_course_schedule` (`id`,`cust_id`,`week_id`,`week_day_num`,`lesson_id`,`course_id`,`class_id`) VALUES (87,4010000005067,2,5,6,1,8010000001311);
INSERT INTO `t_mo_course_schedule` (`id`,`cust_id`,`week_id`,`week_day_num`,`lesson_id`,`course_id`,`class_id`) VALUES (88,4010000005067,2,5,7,1,8010000001283);
INSERT INTO `t_mo_course_schedule` (`id`,`cust_id`,`week_id`,`week_day_num`,`lesson_id`,`course_id`,`class_id`) VALUES (89,4010000005067,2,5,8,2,8010000001283);
INSERT INTO `t_mo_course_schedule` (`id`,`cust_id`,`week_id`,`week_day_num`,`lesson_id`,`course_id`,`class_id`) VALUES (90,4010000005067,2,5,9,3,8010000001311);
INSERT INTO `t_mo_course_schedule` (`id`,`cust_id`,`week_id`,`week_day_num`,`lesson_id`,`course_id`,`class_id`) VALUES (91,4010000005067,3,1,1,1,8010000001283);
INSERT INTO `t_mo_course_schedule` (`id`,`cust_id`,`week_id`,`week_day_num`,`lesson_id`,`course_id`,`class_id`) VALUES (92,4010000005067,3,1,2,1,8010000001283);
INSERT INTO `t_mo_course_schedule` (`id`,`cust_id`,`week_id`,`week_day_num`,`lesson_id`,`course_id`,`class_id`) VALUES (93,4010000005067,3,1,3,2,8010000001283);
INSERT INTO `t_mo_course_schedule` (`id`,`cust_id`,`week_id`,`week_day_num`,`lesson_id`,`course_id`,`class_id`) VALUES (94,4010000005067,3,1,4,2,8010000001311);
INSERT INTO `t_mo_course_schedule` (`id`,`cust_id`,`week_id`,`week_day_num`,`lesson_id`,`course_id`,`class_id`) VALUES (95,4010000005067,3,1,5,3,8010000001283);
INSERT INTO `t_mo_course_schedule` (`id`,`cust_id`,`week_id`,`week_day_num`,`lesson_id`,`course_id`,`class_id`) VALUES (96,4010000005067,3,1,6,1,8010000001311);
INSERT INTO `t_mo_course_schedule` (`id`,`cust_id`,`week_id`,`week_day_num`,`lesson_id`,`course_id`,`class_id`) VALUES (97,4010000005067,3,1,7,1,8010000001283);
INSERT INTO `t_mo_course_schedule` (`id`,`cust_id`,`week_id`,`week_day_num`,`lesson_id`,`course_id`,`class_id`) VALUES (98,4010000005067,3,1,8,2,8010000001283);
INSERT INTO `t_mo_course_schedule` (`id`,`cust_id`,`week_id`,`week_day_num`,`lesson_id`,`course_id`,`class_id`) VALUES (99,4010000005067,3,1,9,3,8010000001311);
INSERT INTO `t_mo_course_schedule` (`id`,`cust_id`,`week_id`,`week_day_num`,`lesson_id`,`course_id`,`class_id`) VALUES (100,4010000005067,3,2,1,1,8010000001283);
INSERT INTO `t_mo_course_schedule` (`id`,`cust_id`,`week_id`,`week_day_num`,`lesson_id`,`course_id`,`class_id`) VALUES (101,4010000005067,3,2,2,1,8010000001283);
INSERT INTO `t_mo_course_schedule` (`id`,`cust_id`,`week_id`,`week_day_num`,`lesson_id`,`course_id`,`class_id`) VALUES (102,4010000005067,3,2,3,2,8010000001283);
INSERT INTO `t_mo_course_schedule` (`id`,`cust_id`,`week_id`,`week_day_num`,`lesson_id`,`course_id`,`class_id`) VALUES (103,4010000005067,3,2,4,2,8010000001311);
INSERT INTO `t_mo_course_schedule` (`id`,`cust_id`,`week_id`,`week_day_num`,`lesson_id`,`course_id`,`class_id`) VALUES (104,4010000005067,3,2,5,3,8010000001283);
INSERT INTO `t_mo_course_schedule` (`id`,`cust_id`,`week_id`,`week_day_num`,`lesson_id`,`course_id`,`class_id`) VALUES (105,4010000005067,3,2,6,1,8010000001311);
INSERT INTO `t_mo_course_schedule` (`id`,`cust_id`,`week_id`,`week_day_num`,`lesson_id`,`course_id`,`class_id`) VALUES (106,4010000005067,3,2,7,1,8010000001283);
INSERT INTO `t_mo_course_schedule` (`id`,`cust_id`,`week_id`,`week_day_num`,`lesson_id`,`course_id`,`class_id`) VALUES (107,4010000005067,3,2,8,2,8010000001283);
INSERT INTO `t_mo_course_schedule` (`id`,`cust_id`,`week_id`,`week_day_num`,`lesson_id`,`course_id`,`class_id`) VALUES (108,4010000005067,3,2,9,3,8010000001311);
INSERT INTO `t_mo_course_schedule` (`id`,`cust_id`,`week_id`,`week_day_num`,`lesson_id`,`course_id`,`class_id`) VALUES (109,4010000005067,3,3,1,1,8010000001283);
INSERT INTO `t_mo_course_schedule` (`id`,`cust_id`,`week_id`,`week_day_num`,`lesson_id`,`course_id`,`class_id`) VALUES (110,4010000005067,3,3,2,1,8010000001283);
INSERT INTO `t_mo_course_schedule` (`id`,`cust_id`,`week_id`,`week_day_num`,`lesson_id`,`course_id`,`class_id`) VALUES (111,4010000005067,3,3,3,2,8010000001283);
INSERT INTO `t_mo_course_schedule` (`id`,`cust_id`,`week_id`,`week_day_num`,`lesson_id`,`course_id`,`class_id`) VALUES (112,4010000005067,3,3,4,2,8010000001311);
INSERT INTO `t_mo_course_schedule` (`id`,`cust_id`,`week_id`,`week_day_num`,`lesson_id`,`course_id`,`class_id`) VALUES (113,4010000005067,3,3,5,3,8010000001283);
INSERT INTO `t_mo_course_schedule` (`id`,`cust_id`,`week_id`,`week_day_num`,`lesson_id`,`course_id`,`class_id`) VALUES (114,4010000005067,3,3,6,1,8010000001311);
INSERT INTO `t_mo_course_schedule` (`id`,`cust_id`,`week_id`,`week_day_num`,`lesson_id`,`course_id`,`class_id`) VALUES (115,4010000005067,3,3,7,1,8010000001283);
INSERT INTO `t_mo_course_schedule` (`id`,`cust_id`,`week_id`,`week_day_num`,`lesson_id`,`course_id`,`class_id`) VALUES (116,4010000005067,3,3,8,2,8010000001283);
INSERT INTO `t_mo_course_schedule` (`id`,`cust_id`,`week_id`,`week_day_num`,`lesson_id`,`course_id`,`class_id`) VALUES (117,4010000005067,3,3,9,3,8010000001311);
INSERT INTO `t_mo_course_schedule` (`id`,`cust_id`,`week_id`,`week_day_num`,`lesson_id`,`course_id`,`class_id`) VALUES (118,4010000005067,3,4,1,1,8010000001283);
INSERT INTO `t_mo_course_schedule` (`id`,`cust_id`,`week_id`,`week_day_num`,`lesson_id`,`course_id`,`class_id`) VALUES (119,4010000005067,3,4,2,1,8010000001283);
INSERT INTO `t_mo_course_schedule` (`id`,`cust_id`,`week_id`,`week_day_num`,`lesson_id`,`course_id`,`class_id`) VALUES (120,4010000005067,3,4,3,2,8010000001283);
INSERT INTO `t_mo_course_schedule` (`id`,`cust_id`,`week_id`,`week_day_num`,`lesson_id`,`course_id`,`class_id`) VALUES (121,4010000005067,3,4,4,2,8010000001311);
INSERT INTO `t_mo_course_schedule` (`id`,`cust_id`,`week_id`,`week_day_num`,`lesson_id`,`course_id`,`class_id`) VALUES (122,4010000005067,3,4,5,3,8010000001283);
INSERT INTO `t_mo_course_schedule` (`id`,`cust_id`,`week_id`,`week_day_num`,`lesson_id`,`course_id`,`class_id`) VALUES (123,4010000005067,3,4,6,1,8010000001311);
INSERT INTO `t_mo_course_schedule` (`id`,`cust_id`,`week_id`,`week_day_num`,`lesson_id`,`course_id`,`class_id`) VALUES (124,4010000005067,3,4,7,1,8010000001283);
INSERT INTO `t_mo_course_schedule` (`id`,`cust_id`,`week_id`,`week_day_num`,`lesson_id`,`course_id`,`class_id`) VALUES (125,4010000005067,3,4,8,2,8010000001283);
INSERT INTO `t_mo_course_schedule` (`id`,`cust_id`,`week_id`,`week_day_num`,`lesson_id`,`course_id`,`class_id`) VALUES (126,4010000005067,3,4,9,3,8010000001311);
INSERT INTO `t_mo_course_schedule` (`id`,`cust_id`,`week_id`,`week_day_num`,`lesson_id`,`course_id`,`class_id`) VALUES (127,4010000005067,3,6,1,1,8010000001283);
INSERT INTO `t_mo_course_schedule` (`id`,`cust_id`,`week_id`,`week_day_num`,`lesson_id`,`course_id`,`class_id`) VALUES (128,4010000005067,3,5,2,1,8010000001283);
INSERT INTO `t_mo_course_schedule` (`id`,`cust_id`,`week_id`,`week_day_num`,`lesson_id`,`course_id`,`class_id`) VALUES (129,4010000005067,3,7,3,2,8010000001283);
INSERT INTO `t_mo_course_schedule` (`id`,`cust_id`,`week_id`,`week_day_num`,`lesson_id`,`course_id`,`class_id`) VALUES (130,4010000005067,3,7,4,2,8010000001311);
INSERT INTO `t_mo_course_schedule` (`id`,`cust_id`,`week_id`,`week_day_num`,`lesson_id`,`course_id`,`class_id`) VALUES (131,4010000005067,3,5,5,3,8010000001283);
INSERT INTO `t_mo_course_schedule` (`id`,`cust_id`,`week_id`,`week_day_num`,`lesson_id`,`course_id`,`class_id`) VALUES (132,4010000005067,3,5,6,1,8010000001311);
INSERT INTO `t_mo_course_schedule` (`id`,`cust_id`,`week_id`,`week_day_num`,`lesson_id`,`course_id`,`class_id`) VALUES (133,4010000005067,3,5,7,1,8010000001283);
INSERT INTO `t_mo_course_schedule` (`id`,`cust_id`,`week_id`,`week_day_num`,`lesson_id`,`course_id`,`class_id`) VALUES (134,4010000005067,3,5,8,2,8010000001283);
INSERT INTO `t_mo_course_schedule` (`id`,`cust_id`,`week_id`,`week_day_num`,`lesson_id`,`course_id`,`class_id`) VALUES (135,4010000005067,3,5,9,3,8010000001311);
INSERT INTO `t_mo_course_schedule` (`id`,`cust_id`,`week_id`,`week_day_num`,`lesson_id`,`course_id`,`class_id`) VALUES (136,4010000005067,4,1,1,1,8010000001283);
INSERT INTO `t_mo_course_schedule` (`id`,`cust_id`,`week_id`,`week_day_num`,`lesson_id`,`course_id`,`class_id`) VALUES (137,4010000005067,4,1,2,1,8010000001283);
INSERT INTO `t_mo_course_schedule` (`id`,`cust_id`,`week_id`,`week_day_num`,`lesson_id`,`course_id`,`class_id`) VALUES (138,4010000005067,4,1,3,2,8010000001283);
INSERT INTO `t_mo_course_schedule` (`id`,`cust_id`,`week_id`,`week_day_num`,`lesson_id`,`course_id`,`class_id`) VALUES (139,4010000005067,4,1,4,2,8010000001311);
INSERT INTO `t_mo_course_schedule` (`id`,`cust_id`,`week_id`,`week_day_num`,`lesson_id`,`course_id`,`class_id`) VALUES (140,4010000005067,4,1,5,3,8010000001283);
INSERT INTO `t_mo_course_schedule` (`id`,`cust_id`,`week_id`,`week_day_num`,`lesson_id`,`course_id`,`class_id`) VALUES (141,4010000005067,4,1,6,1,8010000001311);
INSERT INTO `t_mo_course_schedule` (`id`,`cust_id`,`week_id`,`week_day_num`,`lesson_id`,`course_id`,`class_id`) VALUES (142,4010000005067,4,1,7,1,8010000001283);
INSERT INTO `t_mo_course_schedule` (`id`,`cust_id`,`week_id`,`week_day_num`,`lesson_id`,`course_id`,`class_id`) VALUES (143,4010000005067,4,1,8,2,8010000001283);
INSERT INTO `t_mo_course_schedule` (`id`,`cust_id`,`week_id`,`week_day_num`,`lesson_id`,`course_id`,`class_id`) VALUES (144,4010000005067,4,1,9,3,8010000001311);
INSERT INTO `t_mo_course_schedule` (`id`,`cust_id`,`week_id`,`week_day_num`,`lesson_id`,`course_id`,`class_id`) VALUES (145,4010000005067,4,2,1,1,8010000001283);
INSERT INTO `t_mo_course_schedule` (`id`,`cust_id`,`week_id`,`week_day_num`,`lesson_id`,`course_id`,`class_id`) VALUES (146,4010000005067,4,2,2,1,8010000001283);
INSERT INTO `t_mo_course_schedule` (`id`,`cust_id`,`week_id`,`week_day_num`,`lesson_id`,`course_id`,`class_id`) VALUES (147,4010000005067,4,2,3,2,8010000001283);
INSERT INTO `t_mo_course_schedule` (`id`,`cust_id`,`week_id`,`week_day_num`,`lesson_id`,`course_id`,`class_id`) VALUES (148,4010000005067,4,2,4,2,8010000001311);
INSERT INTO `t_mo_course_schedule` (`id`,`cust_id`,`week_id`,`week_day_num`,`lesson_id`,`course_id`,`class_id`) VALUES (149,4010000005067,4,2,5,3,8010000001283);
INSERT INTO `t_mo_course_schedule` (`id`,`cust_id`,`week_id`,`week_day_num`,`lesson_id`,`course_id`,`class_id`) VALUES (150,4010000005067,4,2,6,1,8010000001311);
INSERT INTO `t_mo_course_schedule` (`id`,`cust_id`,`week_id`,`week_day_num`,`lesson_id`,`course_id`,`class_id`) VALUES (151,4010000005067,4,2,7,1,8010000001283);
INSERT INTO `t_mo_course_schedule` (`id`,`cust_id`,`week_id`,`week_day_num`,`lesson_id`,`course_id`,`class_id`) VALUES (152,4010000005067,4,2,8,2,8010000001283);
INSERT INTO `t_mo_course_schedule` (`id`,`cust_id`,`week_id`,`week_day_num`,`lesson_id`,`course_id`,`class_id`) VALUES (153,4010000005067,4,2,9,3,8010000001311);
INSERT INTO `t_mo_course_schedule` (`id`,`cust_id`,`week_id`,`week_day_num`,`lesson_id`,`course_id`,`class_id`) VALUES (154,4010000005067,4,3,1,1,8010000001283);
INSERT INTO `t_mo_course_schedule` (`id`,`cust_id`,`week_id`,`week_day_num`,`lesson_id`,`course_id`,`class_id`) VALUES (155,4010000005067,4,3,2,1,8010000001283);
INSERT INTO `t_mo_course_schedule` (`id`,`cust_id`,`week_id`,`week_day_num`,`lesson_id`,`course_id`,`class_id`) VALUES (156,4010000005067,4,3,3,2,8010000001283);
INSERT INTO `t_mo_course_schedule` (`id`,`cust_id`,`week_id`,`week_day_num`,`lesson_id`,`course_id`,`class_id`) VALUES (157,4010000005067,4,3,4,2,8010000001311);
INSERT INTO `t_mo_course_schedule` (`id`,`cust_id`,`week_id`,`week_day_num`,`lesson_id`,`course_id`,`class_id`) VALUES (158,4010000005067,4,3,5,3,8010000001283);
INSERT INTO `t_mo_course_schedule` (`id`,`cust_id`,`week_id`,`week_day_num`,`lesson_id`,`course_id`,`class_id`) VALUES (159,4010000005067,4,3,6,1,8010000001311);
INSERT INTO `t_mo_course_schedule` (`id`,`cust_id`,`week_id`,`week_day_num`,`lesson_id`,`course_id`,`class_id`) VALUES (160,4010000005067,4,3,7,1,8010000001283);
INSERT INTO `t_mo_course_schedule` (`id`,`cust_id`,`week_id`,`week_day_num`,`lesson_id`,`course_id`,`class_id`) VALUES (161,4010000005067,4,3,8,2,8010000001283);
INSERT INTO `t_mo_course_schedule` (`id`,`cust_id`,`week_id`,`week_day_num`,`lesson_id`,`course_id`,`class_id`) VALUES (162,4010000005067,4,3,9,3,8010000001311);
INSERT INTO `t_mo_course_schedule` (`id`,`cust_id`,`week_id`,`week_day_num`,`lesson_id`,`course_id`,`class_id`) VALUES (163,4010000005067,4,4,1,1,8010000001283);
INSERT INTO `t_mo_course_schedule` (`id`,`cust_id`,`week_id`,`week_day_num`,`lesson_id`,`course_id`,`class_id`) VALUES (164,4010000005067,4,4,2,1,8010000001283);
INSERT INTO `t_mo_course_schedule` (`id`,`cust_id`,`week_id`,`week_day_num`,`lesson_id`,`course_id`,`class_id`) VALUES (165,4010000005067,4,4,3,2,8010000001283);
INSERT INTO `t_mo_course_schedule` (`id`,`cust_id`,`week_id`,`week_day_num`,`lesson_id`,`course_id`,`class_id`) VALUES (166,4010000005067,4,4,4,2,8010000001311);
INSERT INTO `t_mo_course_schedule` (`id`,`cust_id`,`week_id`,`week_day_num`,`lesson_id`,`course_id`,`class_id`) VALUES (167,4010000005067,4,4,5,3,8010000001283);
INSERT INTO `t_mo_course_schedule` (`id`,`cust_id`,`week_id`,`week_day_num`,`lesson_id`,`course_id`,`class_id`) VALUES (168,4010000005067,4,4,6,1,8010000001311);
INSERT INTO `t_mo_course_schedule` (`id`,`cust_id`,`week_id`,`week_day_num`,`lesson_id`,`course_id`,`class_id`) VALUES (169,4010000005067,4,4,7,1,8010000001283);
INSERT INTO `t_mo_course_schedule` (`id`,`cust_id`,`week_id`,`week_day_num`,`lesson_id`,`course_id`,`class_id`) VALUES (170,4010000005067,4,4,8,2,8010000001283);
INSERT INTO `t_mo_course_schedule` (`id`,`cust_id`,`week_id`,`week_day_num`,`lesson_id`,`course_id`,`class_id`) VALUES (171,4010000005067,4,4,9,3,8010000001311);
INSERT INTO `t_mo_course_schedule` (`id`,`cust_id`,`week_id`,`week_day_num`,`lesson_id`,`course_id`,`class_id`) VALUES (172,4010000005067,4,5,1,1,8010000001283);
INSERT INTO `t_mo_course_schedule` (`id`,`cust_id`,`week_id`,`week_day_num`,`lesson_id`,`course_id`,`class_id`) VALUES (173,4010000005067,4,5,2,1,8010000001283);
INSERT INTO `t_mo_course_schedule` (`id`,`cust_id`,`week_id`,`week_day_num`,`lesson_id`,`course_id`,`class_id`) VALUES (174,4010000005067,4,5,3,2,8010000001283);
INSERT INTO `t_mo_course_schedule` (`id`,`cust_id`,`week_id`,`week_day_num`,`lesson_id`,`course_id`,`class_id`) VALUES (175,4010000005067,4,5,4,2,8010000001311);
INSERT INTO `t_mo_course_schedule` (`id`,`cust_id`,`week_id`,`week_day_num`,`lesson_id`,`course_id`,`class_id`) VALUES (176,4010000005067,4,5,5,3,8010000001283);
INSERT INTO `t_mo_course_schedule` (`id`,`cust_id`,`week_id`,`week_day_num`,`lesson_id`,`course_id`,`class_id`) VALUES (177,4010000005067,4,5,6,1,8010000001311);
INSERT INTO `t_mo_course_schedule` (`id`,`cust_id`,`week_id`,`week_day_num`,`lesson_id`,`course_id`,`class_id`) VALUES (178,4010000005067,4,6,7,1,8010000001283);
INSERT INTO `t_mo_course_schedule` (`id`,`cust_id`,`week_id`,`week_day_num`,`lesson_id`,`course_id`,`class_id`) VALUES (179,4010000005067,4,6,8,2,8010000001283);
INSERT INTO `t_mo_course_schedule` (`id`,`cust_id`,`week_id`,`week_day_num`,`lesson_id`,`course_id`,`class_id`) VALUES (180,4010000005067,4,6,9,3,8010000001311);
INSERT INTO `t_mo_course_schedule` (`id`,`cust_id`,`week_id`,`week_day_num`,`lesson_id`,`course_id`,`class_id`) VALUES (181,4010000005031,5,2,1,1,8010000001311);
INSERT INTO `t_mo_course_schedule` (`id`,`cust_id`,`week_id`,`week_day_num`,`lesson_id`,`course_id`,`class_id`) VALUES (182,4010000005031,5,7,7,3,8010000001311);
INSERT INTO `t_mo_course_schedule` (`id`,`cust_id`,`week_id`,`week_day_num`,`lesson_id`,`course_id`,`class_id`) VALUES (183,4010000005031,6,5,7,3,8010000001311);
